surface_m2,pieces,age_annees,revenu_median,distance_centre_km,prix
116.4,4.0,70,3.982,1.69,5.614
134.7,5.0,48,6.172,3.21,6.965
109.6,5.0,42,9.57,3.29,8.025
104.4,5.0,66,3.366,0.87,5.335
140.4,5.0,25,1.471,3.79,5.08
107.4,5.0,5,3.306,7.17,5.236
122.8,6.0,70,5.575,0.45,6.181
118.9,5.0,40,2.499,12.73,4.596
140.4,6.0,29,4.347,17.07,6.109
98.6,5.0,8,1.863,17.17,3.659
156.6,8.0,83,3.214,9.8,5.768
90.6,5.0,65,0.887,2.88,3.212
125.5,4.0,24,1.772,1.33,4.971
120.6,7.0,54,2.711,4.13,5.369
206.7,9.0,41,2.308,8.1,7.71
88.0,6.0,29,1.514,0.24,4.411
128.9,5.0,28,2.171,27.35,3.239
101.0,3.0,6,3.153,15.9,3.746
78.8,4.0,87,2.615,12.16,2.353
134.4,6.0,83,2.794,14.66,5.015
69.7,4.0,78,3.779,3.14,3.964
83.4,5.0,28,2.329,4.75,4.925
109.2,5.0,89,5.011,0.35,6.114
140.1,6.0,24,1.742,6.75,5.32
131.6,6.0,74,6.473,0.93,7.319
115.7,5.0,9,4.486,0.01,5.943
62.9,3.0,27,2.316,1.17,3.155
89.3,5.0,51,2.386,4.71,3.962
95.5,5.0,87,2.983,6.11,3.407
77.7,4.0,23,3.559,6.23,4.015
58.0,3.0,38,4.448,10.46,3.357
110.9,4.0,75,1.487,2.43,4.645
133.0,6.0,42,3.31,2.69,5.824
93.1,4.0,61,1.049,18.27,2.138
139.5,6.0,37,2.51,10.38,5.356
67.1,3.0,0,5.229,12.32,4.013
76.2,3.0,25,1.436,50.71,0.2
110.2,4.0,50,1.324,22.2,2.402
90.6,3.0,1,3.002,24.58,2.896
129.4,7.0,20,5.075,34.19,4.67
122.4,5.0,85,3.147,6.7,4.869
92.7,4.0,1,1.154,4.96,3.734
69.1,4.0,22,1.275,0.17,2.791
89.3,5.0,55,2.841,12.7,3.498
123.3,6.0,50,1.599,22.89,3.756
131.0,6.0,18,2.891,6.28,5.409
90.8,5.0,5,2.969,0.57,5.518
57.9,4.0,80,2.181,1.61,2.868
66.0,3.0,49,6.151,0.66,4.437
120.1,4.0,51,3.546,5.2,4.868
92.2,4.0,5,4.689,10.68,4.366
92.9,5.0,18,4.113,14.92,3.982
75.8,3.0,6,2.541,14.48,3.073
75.4,5.0,88,2.491,0.42,3.218
138.7,6.0,69,2.378,2.65,5.399
121.5,6.0,49,3.693,1.14,6.161
85.5,5.0,61,2.029,4.9,3.358
107.6,5.0,14,5.908,16.23,5.692
113.6,5.0,88,1.943,0.96,3.883
176.0,9.0,46,2.994,22.38,6.05
73.4,2.0,46,2.452,8.18,2.562
113.1,5.0,86,2.219,1.1,4.687
138.4,7.0,8,7.225,0.92,7.795
168.7,8.0,38,2.231,0.54,7.564
84.1,5.0,7,2.37,0.1,3.583
91.8,3.0,38,2.016,27.69,2.606
129.8,5.0,24,2.769,9.09,5.405
62.6,3.0,41,2.597,10.81,2.701
116.7,6.0,63,1.643,9.42,4.162
198.1,9.0,25,2.246,22.13,7.255
120.7,6.0,4,3.576,62.06,3.075
49.3,3.0,14,4.315,0.59,3.618
79.2,3.0,64,2.748,7.58,3.315
85.0,3.0,52,2.791,14.53,2.892
149.0,7.0,88,2.311,9.21,5.037
99.5,5.0,80,2.168,6.45,4.015
58.1,2.0,14,1.797,16.24,1.85
103.1,5.0,66,1.349,0.31,3.454
109.7,5.0,8,1.982,22.85,3.54
88.4,4.0,8,4.083,13.43,4.23
75.0,3.0,71,2.246,0.06,3.122
205.9,9.0,36,2.326,21.05,6.664
138.6,7.0,89,2.306,5.75,5.483
142.8,6.0,0,4.759,11.98,6.99
99.5,4.0,45,1.79,28.31,2.532
83.7,3.0,27,3.079,0.33,4.402
89.8,4.0,88,2.636,0.65,3.677
67.0,3.0,60,2.803,1.45,3.161
174.8,8.0,69,3.034,0.57,7.471
100.8,5.0,26,2.789,10.22,3.687
160.7,8.0,80,3.884,3.36,7.079
91.2,6.0,75,2.683,6.88,4.122
121.2,5.0,70,5.959,13.36,5.824
111.7,4.0,42,2.773,63.57,1.209
64.9,2.0,82,1.263,0.98,2.389
182.6,8.0,60,3.623,5.27,7.294
92.0,4.0,5,3.243,5.0,3.968
71.3,3.0,79,2.758,4.17,3.142
130.1,7.0,1,2.419,7.36,5.842
104.8,6.0,61,1.05,5.24,4.137
117.6,6.0,22,1.132,3.59,4.334
108.3,6.0,80,5.705,8.33,5.588
50.8,2.0,65,2.089,2.6,2.134
78.3,2.0,72,4.198,4.08,3.791
77.3,4.0,62,1.321,1.68,3.147
142.1,5.0,51,1.697,1.93,5.677
106.1,4.0,77,3.689,1.98,5.688
123.7,6.0,26,2.596,5.98,4.845
93.8,4.0,47,3.462,2.02,4.771
125.7,6.0,26,2.702,2.19,5.661
99.6,4.0,10,2.476,12.88,3.654
97.3,4.0,78,2.002,15.39,2.704
111.5,6.0,44,1.588,2.23,4.565
108.3,5.0,4,5.11,6.85,6.463
230.3,9.0,74,5.503,7.41,9.819
78.0,3.0,84,1.703,0.26,2.84
62.7,2.0,59,1.654,0.35,2.554
116.8,6.0,29,2.324,8.73,4.23
81.5,4.0,77,3.168,1.11,3.984
49.1,2.0,66,2.505,8.98,2.276
72.4,2.0,25,3.403,3.74,3.378
210.9,9.0,29,2.659,1.1,7.282
77.4,3.0,88,2.582,16.18,2.617
56.4,3.0,85,8.052,3.46,4.953
206.0,9.0,60,2.146,2.61,7.565
71.5,3.0,3,5.686,6.9,4.373
256.7,9.0,20,5.213,9.68,10.605
92.5,6.0,31,3.41,1.97,4.646
182.9,9.0,48,1.143,10.55,6.581
96.5,4.0,78,2.757,0.46,4.61
121.5,6.0,76,2.156,6.56,4.543
100.3,3.0,24,2.743,5.85,3.975
96.8,4.0,9,1.685,7.91,3.675
113.6,3.0,24,3.82,14.36,4.477
123.0,7.0,21,4.234,16.42,4.752
110.7,6.0,80,4.602,53.63,3.243
106.9,5.0,1,2.289,11.42,4.398
81.8,4.0,74,1.688,3.41,3.029
101.6,4.0,59,3.184,13.24,3.259
174.5,8.0,9,5.991,14.52,7.92
80.6,5.0,61,2.805,14.51,2.958
114.7,5.0,52,3.332,0.67,5.27
155.0,7.0,0,2.446,20.93,4.578
123.3,4.0,20,2.167,5.34,4.589
142.6,7.0,31,3.655,9.41,5.931
71.2,3.0,19,2.592,20.37,2.296
114.8,4.0,52,3.26,8.71,4.576
95.0,4.0,55,3.416,4.16,4.415
96.3,3.0,15,3.178,8.27,4.656
169.1,8.0,11,3.494,16.92,6.366
96.8,5.0,58,1.852,3.42,3.582
116.0,5.0,42,1.802,1.02,4.058
56.4,3.0,23,2.667,1.95,2.865
182.8,8.0,23,2.696,21.79,5.767
139.7,7.0,3,2.149,3.02,6.141
102.8,4.0,76,3.03,2.76,4.425
93.6,6.0,75,4.091,7.42,4.953
127.5,5.0,49,4.638,2.51,6.68
154.4,6.0,31,5.132,9.94,6.637
183.7,8.0,19,1.504,10.44,6.324
138.1,6.0,27,1.611,13.09,5.161
107.4,4.0,83,2.386,1.86,4.398
145.5,7.0,7,2.818,2.54,6.474
136.1,5.0,74,2.442,8.81,5.319
107.5,5.0,27,2.12,5.32,4.667
134.7,5.0,23,2.37,4.31,5.502
133.9,6.0,72,3.379,0.15,6.448
102.6,5.0,86,1.494,1.24,3.909
87.8,6.0,89,7.803,4.73,6.408
129.9,5.0,24,2.744,15.99,4.613
73.7,3.0,53,4.362,18.13,3.591
68.5,3.0,26,2.094,4.46,2.742
116.6,5.0,17,3.52,6.84,4.616
128.6,5.0,34,2.844,7.68,5.371
116.3,6.0,5,3.997,2.38,5.489
120.7,5.0,14,2.486,0.76,4.845
50.6,4.0,53,5.464,2.97,4.508
127.9,6.0,61,1.389,2.14,5.148
169.3,7.0,24,4.167,6.56,7.186
139.0,6.0,50,2.867,7.68,4.452
137.5,6.0,68,1.719,3.93,5.297
113.6,6.0,80,6.543,6.4,6.6
115.0,4.0,51,6.246,4.03,6.476
99.8,4.0,21,1.069,3.6,3.821
119.4,5.0,64,2.943,3.15,4.999
72.5,4.0,15,3.734,23.86,2.701
169.6,9.0,12,3.316,2.01,7.105
78.9,5.0,32,5.376,4.17,4.764
138.9,7.0,29,4.896,8.47,6.697
161.8,7.0,13,3.063,0.42,7.115
138.7,7.0,4,7.574,2.87,8.499
218.1,9.0,85,4.144,0.42,8.631
51.7,1.0,60,2.321,0.21,1.881
89.7,4.0,64,2.12,1.65,3.636
160.9,7.0,5,4.756,4.23,7.176
67.7,3.0,71,1.903,11.04,2.365
79.7,4.0,32,2.261,3.84,3.071
125.1,6.0,67,2.44,3.02,5.536
107.0,6.0,44,3.19,7.52,4.449
122.5,6.0,21,2.492,19.45,4.822
110.0,5.0,23,1.503,1.61,4.572
113.4,5.0,12,4.586,5.22,5.336
82.2,4.0,74,2.266,0.34,4.384
112.2,5.0,38,6.746,15.18,6.033
91.7,4.0,70,3.117,4.94,4.115
95.9,6.0,74,4.808,1.29,5.363
138.2,6.0,15,3.611,3.25,6.399
66.6,3.0,29,4.912,4.8,4.349
45.9,2.0,11,3.514,2.69,2.691
134.7,7.0,0,3.022,7.64,5.707
112.3,6.0,88,4.446,9.95,5.18
161.8,8.0,59,8.32,0.14,9.517
80.4,4.0,40,2.408,3.74,3.8
101.5,5.0,18,3.887,9.82,4.792
108.3,6.0,53,2.712,9.12,4.239
85.5,4.0,48,3.413,6.88,3.766
77.1,3.0,20,2.77,12.19,2.69
137.0,7.0,1,1.029,3.06,5.435
64.6,2.0,42,2.484,15.88,1.959
73.0,3.0,45,4.262,0.52,4.19
100.4,5.0,71,1.926,1.83,4.168
142.6,5.0,35,4.114,0.41,6.568
87.3,5.0,8,2.952,5.57,4.18
83.7,3.0,79,2.494,9.64,2.783
98.4,4.0,37,4.086,3.77,4.991
118.6,5.0,64,3.693,2.27,5.318
93.3,4.0,3,3.285,2.04,4.594
149.1,7.0,3,4.294,7.49,7.188
151.3,7.0,2,2.978,4.25,6.634
100.4,5.0,71,1.297,25.19,2.2
195.4,9.0,21,2.293,6.88,7.426
107.5,4.0,71,1.207,8.59,4.008
149.5,8.0,85,3.654,0.46,6.615
117.5,4.0,59,4.069,28.61,3.896
116.7,5.0,88,4.153,3.2,5.658
59.9,2.0,83,3.388,32.02,1.385
71.0,4.0,65,4.202,3.25,3.916
95.0,3.0,72,1.337,13.05,2.479
150.9,7.0,54,2.59,0.05,6.311
118.0,5.0,19,1.438,3.87,4.71
95.2,5.0,9,2.313,2.46,4.777
129.1,6.0,34,5.626,2.01,6.354
148.9,6.0,42,4.446,2.89,7.464
105.2,4.0,31,3.662,2.83,4.89
113.2,6.0,9,2.505,6.5,5.141
108.3,4.0,45,1.738,1.81,3.965
103.0,5.0,44,2.957,3.75,4.056
80.1,4.0,85,4.481,1.55,4.007
78.1,3.0,85,3.269,2.34,3.577
128.8,8.0,55,1.332,11.6,4.691
149.9,7.0,76,2.849,0.0,6.327
95.2,5.0,28,1.149,19.27,2.617
94.4,4.0,87,3.904,3.22,4.92
54.9,3.0,84,1.99,3.68,2.347
51.9,3.0,11,1.568,20.63,1.438
163.6,7.0,63,3.928,5.16,8.043
81.8,4.0,41,3.496,21.45,3.054
224.0,9.0,23,3.018,4.38,8.56
86.5,3.0,37,7.288,0.35,6.235
60.6,3.0,81,3.617,3.47,3.529
108.6,5.0,83,2.034,4.93,4.251
136.5,5.0,30,3.434,18.16,5.085
131.2,7.0,41,2.39,13.06,5.422
141.3,6.0,46,4.807,0.39,7.388
74.9,3.0,66,3.085,5.15,3.379
162.2,9.0,43,3.225,15.6,6.063
165.6,7.0,35,1.42,12.15,5.729
168.3,8.0,83,2.794,0.88,6.653
114.6,4.0,33,2.65,9.2,4.735
92.7,3.0,23,1.714,20.33,2.75
90.0,4.0,29,2.46,9.74,4.521
60.5,3.0,29,3.307,16.88,3.049
87.2,4.0,49,2.713,12.93,2.967
45.0,2.0,59,1.44,5.69,1.478
57.9,3.0,12,2.404,3.66,2.241
114.2,4.0,79,2.202,2.25,3.696
96.3,5.0,22,2.966,1.31,4.696
112.5,5.0,10,2.825,1.76,4.683
132.8,7.0,60,2.259,13.29,5.378
119.5,5.0,18,2.219,3.15,5.328
116.0,5.0,67,2.802,11.65,4.28
101.9,5.0,85,4.193,11.58,4.395
80.8,3.0,62,3.081,5.77,4.097
67.9,3.0,69,5.157,15.07,4.136
87.9,4.0,44,4.526,4.41,4.388
102.5,4.0,31,5.331,10.73,4.815
106.8,4.0,55,5.032,20.31,4.405
141.4,7.0,32,5.492,6.63,7.177
99.4,5.0,78,1.618,5.04,3.516
126.1,6.0,42,3.638,25.67,4.591
63.1,3.0,44,4.703,21.05,3.612
114.7,6.0,60,5.102,50.55,2.692
112.0,5.0,17,1.922,5.02,4.298
162.2,7.0,50,3.654,7.58,6.21
96.3,5.0,67,2.812,18.26,3.098
94.9,5.0,69,6.241,1.01,5.817
133.1,6.0,20,1.456,6.55,4.642
69.5,4.0,4,1.923,9.19,3.046
113.7,5.0,17,1.203,7.14,4.108
68.4,3.0,73,2.901,5.61,3.194
188.0,8.0,23,7.529,14.69,8.908
90.7,4.0,5,2.665,1.46,4.219
67.0,4.0,53,2.845,2.62,3.277
87.7,2.0,79,3.482,13.98,3.197
113.9,5.0,20,2.58,3.11,5.059
124.8,6.0,3,3.205,14.78,4.333
159.1,6.0,12,3.243,0.07,7.001
84.2,4.0,11,1.858,4.51,3.224
135.3,6.0,18,2.606,2.09,5.634
57.9,2.0,16,3.796,2.59,2.919
73.2,5.0,57,4.128,20.77,3.053
63.6,4.0,20,4.876,3.31,4.402
79.3,4.0,49,3.161,0.78,4.2
133.1,6.0,36,3.19,13.66,4.771
84.9,4.0,58,3.81,16.81,3.644
90.2,6.0,58,2.08,4.35,4.268
115.0,6.0,53,2.042,2.48,4.554
123.0,5.0,80,2.57,0.35,5.104
91.1,3.0,17,1.531,13.13,2.203
73.0,4.0,47,3.264,9.67,3.057
176.5,8.0,35,4.358,6.81,7.761
91.3,3.0,47,1.975,6.44,3.749
94.4,5.0,12,3.306,13.85,3.831
98.4,4.0,28,2.048,1.55,5.083
127.4,6.0,84,1.72,5.13,4.783
62.0,3.0,72,6.855,10.6,3.936
201.4,9.0,38,1.732,3.67,7.979
93.5,5.0,9,1.529,14.36,2.757
128.9,6.0,58,2.994,5.05,5.515
67.2,3.0,27,3.067,5.91,2.969
111.0,5.0,29,3.67,7.62,4.534
189.5,9.0,8,6.69,15.41,9.156
179.5,8.0,26,1.916,0.54,6.982
127.7,7.0,19,2.095,14.93,5.247
77.6,5.0,3,5.607,0.07,5.078
156.1,7.0,52,4.148,11.09,5.969
57.8,1.0,87,3.896,0.58,3.056
76.7,4.0,11,2.085,18.36,3.584
102.1,4.0,4,4.512,12.61,5.093
59.4,2.0,9,3.902,3.55,3.722
87.7,4.0,49,2.96,13.71,3.629
136.2,6.0,74,2.089,3.62,5.064
82.0,5.0,27,2.852,17.85,4.119
138.5,6.0,10,5.708,20.35,6.342
221.6,9.0,8,1.661,3.39,8.368
119.6,6.0,54,1.897,2.9,5.116
137.6,6.0,32,2.049,6.44,4.811
158.0,7.0,31,2.259,0.8,6.117
90.4,5.0,21,2.699,22.03,3.034
136.5,7.0,80,4.184,11.25,6.169
89.6,5.0,33,3.346,12.03,3.487
116.7,5.0,63,2.794,10.36,4.461
143.7,7.0,66,3.079,0.02,6.199
78.8,4.0,5,3.6,12.24,3.158
46.2,2.0,22,1.275,8.23,1.439
76.3,3.0,80,4.403,21.66,3.201
151.3,6.0,79,1.874,8.25,4.771
73.2,3.0,37,2.226,2.36,3.764
148.2,7.0,14,3.168,12.24,6.086
76.5,4.0,26,2.628,6.42,3.588
97.3,3.0,85,3.384,6.19,4.095
104.5,4.0,60,2.897,2.26,4.161
73.1,3.0,6,2.386,20.22,2.163
97.7,5.0,64,5.408,3.87,5.603
60.5,2.0,13,3.738,0.54,3.425
93.1,4.0,27,3.114,1.82,4.523
101.6,4.0,43,3.712,1.28,4.636
46.8,2.0,31,1.979,0.39,2.545
76.1,3.0,62,7.233,0.87,5.783
115.5,5.0,14,1.666,2.77,4.023
70.4,3.0,78,2.86,1.42,3.387
122.0,6.0,53,2.39,4.17,4.461
126.1,5.0,27,2.349,22.37,3.339
115.3,5.0,86,2.216,11.67,3.805
135.9,7.0,43,1.921,10.58,5.953
59.3,3.0,37,4.64,0.74,4.306
146.0,7.0,1,1.581,4.79,6.128
73.5,4.0,89,4.232,8.03,3.965
108.6,5.0,76,3.639,6.08,4.898
186.7,8.0,15,2.29,7.34,7.404
92.4,5.0,85,3.454,6.37,3.981
105.4,6.0,71,2.532,9.35,4.342
73.7,4.0,37,1.656,23.01,2.319
186.0,8.0,83,1.664,2.71,7.039
76.2,4.0,50,3.651,2.53,4.491
129.9,6.0,61,3.567,1.77,5.937
157.9,7.0,16,3.031,2.3,7.331
134.3,6.0,9,2.279,3.53,5.453
117.8,6.0,47,2.495,8.62,5.411
108.0,5.0,29,2.348,5.06,4.678
67.0,3.0,88,1.238,16.98,1.422
182.9,9.0,7,2.794,2.56,7.23
114.4,5.0,68,3.439,10.57,4.392
105.4,4.0,54,2.802,6.79,3.945
71.6,3.0,79,6.026,1.27,4.798
107.2,5.0,89,1.73,9.55,3.219
103.2,5.0,78,2.019,6.23,4.371
186.7,8.0,33,2.886,10.9,7.112
105.4,5.0,62,3.033,13.8,4.076
106.6,5.0,14,1.155,2.19,3.722
71.9,4.0,43,3.565,9.91,3.206
81.0,3.0,24,3.04,4.61,3.01
124.6,6.0,22,1.047,0.21,5.395
55.8,2.0,51,2.579,0.38,2.353
145.7,6.0,11,1.889,12.1,4.703
147.1,6.0,51,2.217,11.71,5.72
78.3,5.0,36,1.489,0.66,3.569
117.9,5.0,20,3.278,5.93,5.219
159.8,7.0,50,6.006,5.53,7.923
100.4,3.0,67,3.063,19.47,3.647
94.1,3.0,54,1.029,9.06,2.921
98.0,4.0,7,3.091,17.58,3.188
114.4,5.0,50,2.49,12.87,4.436
84.5,4.0,56,1.656,3.42,3.478
91.4,3.0,61,3.187,2.38,4.561
115.1,5.0,38,4.039,0.98,5.223
88.9,5.0,8,2.012,6.21,3.514
69.9,4.0,11,1.297,0.5,3.224
54.3,1.0,29,1.099,22.96,0.421
106.1,4.0,57,2.015,11.4,2.835
156.1,6.0,66,2.535,6.64,5.952
119.9,6.0,60,2.155,2.06,5.237
70.8,2.0,28,1.999,16.78,2.098
80.9,5.0,39,3.51,13.85,3.81
93.9,4.0,4,3.348,0.31,4.91
188.9,9.0,71,2.974,10.8,7.158
192.8,9.0,31,3.925,2.91,8.379
184.3,8.0,45,2.023,17.99,6.611
109.8,5.0,40,1.661,0.56,4.11
276.5,9.0,25,2.149,2.2,10.382
82.2,3.0,15,2.083,27.27,1.653
92.7,4.0,85,1.08,3.57,2.915
141.7,8.0,10,2.127,2.86,6.376
115.3,6.0,84,4.469,0.08,5.427
117.6,6.0,10,3.898,8.13,5.389
52.9,2.0,8,3.443,0.7,4.129
74.5,4.0,81,2.884,7.83,3.579
102.9,4.0,85,5.217,3.57,5.104
82.6,3.0,80,1.687,4.45,2.811
65.5,3.0,69,1.761,3.76,2.557
85.8,5.0,44,4.508,4.54,5.213
115.4,7.0,9,2.752,10.43,4.527
133.6,6.0,53,2.01,5.7,4.706
53.8,2.0,46,3.485,21.56,2.193
104.6,4.0,66,2.232,18.24,2.674
101.4,5.0,3,1.865,18.73,3.025
113.3,5.0,6,1.842,26.94,3.158
71.2,4.0,52,3.141,0.6,3.773
71.6,4.0,76,2.982,14.46,2.322
157.7,7.0,83,5.379,1.13,7.714
43.3,2.0,51,2.386,2.73,2.439
78.6,3.0,33,2.367,1.27,3.343
91.2,5.0,42,5.196,2.94,5.912
94.3,4.0,45,4.236,1.36,5.074
83.1,4.0,55,2.901,11.94,2.99
123.3,6.0,20,1.347,15.9,4.557
119.7,5.0,34,1.886,17.19,3.689
99.8,5.0,48,1.692,6.93,3.811
84.7,3.0,76,2.763,9.34,3.109
97.2,4.0,72,2.162,9.03,3.758
107.5,5.0,67,5.592,7.97,5.427
80.9,3.0,19,1.34,1.68,3.065
126.4,5.0,36,1.612,10.1,4.312
145.4,6.0,49,3.035,0.16,6.065
167.3,9.0,87,3.437,18.78,6.546
163.6,8.0,31,0.849,0.35,5.664
94.1,5.0,82,1.245,15.75,2.698
109.3,5.0,67,2.414,15.82,3.78
99.2,4.0,57,5.004,17.13,4.409
99.1,5.0,63,6.357,16.42,5.535
97.0,5.0,71,2.256,6.22,3.341
105.2,6.0,62,2.517,0.27,4.944
153.8,7.0,60,1.865,25.75,4.071
116.5,4.0,34,3.614,0.6,5.252
70.2,2.0,38,5.408,6.83,3.745
143.2,6.0,53,4.784,12.36,6.099
112.8,3.0,75,2.683,4.77,4.162
123.8,7.0,58,1.864,3.07,5.549
115.8,6.0,88,2.728,2.13,5.025
117.6,5.0,61,5.06,4.58,6.039
119.4,5.0,36,2.27,1.56,4.579
57.1,3.0,51,1.201,25.61,1.132
123.2,5.0,56,2.312,0.07,5.682
82.0,3.0,78,2.398,1.43,3.806
88.9,4.0,23,1.198,6.35,2.753
104.9,5.0,22,3.017,6.64,4.457
176.8,8.0,18,3.413,13.25,6.97
74.0,4.0,5,6.277,17.23,4.269
103.7,5.0,60,1.492,2.79,4.863
96.2,4.0,86,3.776,10.08,3.947
142.5,7.0,55,4.2,6.14,6.4
95.3,4.0,5,3.434,6.74,4.25
113.2,4.0,32,1.728,3.02,4.426
74.1,3.0,81,1.683,8.04,3.017
150.9,6.0,4,2.84,2.69,6.386
63.8,2.0,55,2.831,1.4,3.047
122.6,5.0,39,2.113,2.68,4.538
113.5,5.0,82,4.861,2.45,6.14
119.1,6.0,46,2.27,19.35,3.919
64.1,4.0,50,1.159,1.91,2.544
94.6,3.0,65,2.458,0.23,3.213
140.0,5.0,73,3.374,1.47,5.894
186.5,8.0,46,3.17,3.51,7.448
101.1,5.0,64,3.159,11.97,3.442
135.4,6.0,72,5.324,2.7,7.075
109.8,4.0,47,1.646,2.67,3.978
102.9,5.0,64,2.246,0.34,5.085
91.0,5.0,32,5.448,5.13,5.842
105.1,5.0,31,1.122,5.23,3.568
131.2,5.0,0,2.653,2.92,6.035
135.0,6.0,60,4.726,2.54,7.067
68.1,3.0,22,4.694,14.15,3.382
88.3,4.0,73,3.658,5.65,3.784
72.9,3.0,85,3.7,3.32,2.918
106.9,6.0,78,1.702,0.27,4.497
93.5,4.0,24,5.043,1.07,5.054
117.7,6.0,58,1.584,10.96,4.219
120.5,6.0,67,1.627,6.2,4.228
49.8,3.0,45,3.237,11.45,2.17
48.5,2.0,45,2.177,7.58,1.844
104.8,5.0,39,2.983,1.74,4.372
154.9,7.0,27,3.3,37.18,4.435
88.4,6.0,51,6.051,1.93,5.516
87.5,4.0,89,3.304,10.49,3.602
145.3,7.0,19,2.058,2.44,5.939
137.1,6.0,4,3.686,10.39,5.479
75.3,3.0,5,1.87,10.23,3.21
132.5,6.0,52,4.1,8.87,5.743
80.6,4.0,24,2.798,38.77,2.26
87.2,4.0,41,3.255,2.91,4.307
75.2,4.0,85,1.22,0.23,2.957
67.9,3.0,6,0.987,2.8,2.478
109.0,5.0,15,1.383,3.98,4.408
64.7,3.0,19,5.963,3.44,4.714
110.5,4.0,41,1.621,18.43,3.555
109.3,6.0,62,3.779,21.66,4.714
99.6,4.0,16,2.036,6.46,3.679
89.7,5.0,9,2.44,16.9,3.554
84.0,4.0,7,2.664,6.5,3.986
72.2,3.0,72,5.696,13.94,4.125
167.7,8.0,2,3.536,0.95,7.367
98.2,4.0,56,3.233,14.22,3.658
97.1,4.0,52,4.872,5.92,4.817
76.4,5.0,9,2.044,37.92,1.289
161.3,7.0,49,4.396,1.74,7.064
85.7,5.0,25,4.078,13.28,4.073
114.0,6.0,46,4.057,9.19,4.965
121.4,5.0,12,2.535,6.6,5.091
109.0,5.0,60,2.233,2.18,4.524
64.2,3.0,71,1.838,12.23,2.155
130.5,5.0,0,1.89,1.51,5.18
85.4,4.0,47,1.799,0.83,3.639
136.7,7.0,58,3.206,2.45,5.917
83.7,3.0,0,2.453,1.82,4.137
102.6,4.0,65,3.301,2.23,4.495
123.9,6.0,48,3.386,10.06,5.297
157.5,9.0,27,1.687,1.68,5.898
128.9,5.0,43,1.665,20.09,4.087
124.9,6.0,61,2.452,11.49,4.443
132.6,6.0,57,1.918,2.36,4.871
79.7,3.0,69,1.829,3.86,2.667
138.7,6.0,3,5.83,8.62,6.548
95.7,5.0,70,1.363,1.62,3.538
96.7,5.0,3,6.756,33.16,5.064
107.9,5.0,58,3.096,2.3,4.633
92.7,5.0,31,4.237,0.73,4.348
74.4,4.0,5,4.018,27.42,2.982
105.1,5.0,61,3.588,7.38,4.291
96.9,4.0,49,5.742,0.45,6.032
95.7,5.0,59,1.67,11.51,3.149
101.5,5.0,33,2.534,0.6,4.522
49.9,2.0,25,1.852,1.29,2.813
95.9,3.0,56,1.267,1.83,3.691
164.5,6.0,19,2.019,3.98,5.812
159.8,7.0,73,6.313,0.57,7.764
106.3,5.0,61,2.514,5.15,3.744
105.1,4.0,89,6.636,7.99,6.696
46.2,3.0,2,6.949,3.72,4.339
87.0,4.0,52,10.463,0.02,8.0
132.1,7.0,50,6.408,12.24,6.566
92.0,4.0,77,7.855,3.75,5.864
147.3,6.0,38,3.147,18.1,5.326
144.2,7.0,84,3.012,3.67,5.852
86.5,4.0,21,3.104,0.4,4.644
109.0,5.0,76,2.718,4.84,4.784
169.2,7.0,46,2.908,19.08,5.689
63.8,3.0,84,3.813,16.48,2.16
92.7,4.0,19,2.204,12.92,2.982
61.7,4.0,23,1.462,4.94,1.803
77.8,3.0,50,3.202,1.69,3.737
186.9,9.0,49,1.99,2.09,7.258
92.7,3.0,13,2.085,0.0,3.626
53.4,3.0,58,2.549,3.28,2.239
74.1,4.0,36,2.299,0.32,3.569
59.7,2.0,13,4.48,8.93,3.238
110.4,5.0,45,2.522,6.09,4.428
120.8,5.0,62,4.582,2.55,5.757
139.3,6.0,2,2.982,12.76,5.555
129.7,6.0,82,2.612,0.7,5.217
64.7,2.0,54,2.919,10.1,2.502
118.7,5.0,23,1.52,10.01,3.495
100.1,5.0,67,3.165,4.47,4.472
146.3,6.0,75,3.983,17.41,5.588
134.7,5.0,86,4.246,9.3,5.587
196.0,9.0,71,1.479,9.96,7.413
76.0,4.0,18,1.372,26.69,1.762
72.5,3.0,14,2.135,16.16,2.416
88.8,3.0,18,5.069,6.0,5.047
101.4,4.0,78,3.002,0.25,5.286
83.1,4.0,27,1.918,0.0,3.817
77.3,4.0,29,1.414,15.7,1.599
116.1,6.0,80,1.998,8.62,4.415
88.7,4.0,18,1.938,27.36,1.992
82.0,3.0,36,4.141,7.2,3.434
64.7,4.0,26,4.287,10.69,4.198
47.3,2.0,27,1.695,28.25,1.138
161.6,7.0,53,3.815,9.58,6.302
159.9,6.0,66,3.643,6.27,6.202
136.1,6.0,23,1.599,4.87,5.194
125.1,6.0,3,2.618,16.33,4.35
86.0,3.0,57,3.169,3.81,3.863
126.9,6.0,49,2.925,9.13,4.849
70.9,2.0,59,1.259,4.96,2.259
108.1,5.0,40,2.884,27.43,2.844
79.7,4.0,69,3.619,4.05,4.271
127.0,7.0,56,5.533,11.1,6.673
173.3,7.0,68,2.012,20.94,5.382
74.0,4.0,65,2.127,9.47,2.817
87.4,5.0,44,2.474,1.65,4.281
107.5,4.0,29,3.099,1.92,4.867
55.4,2.0,52,2.84,1.24,3.503
60.6,3.0,57,3.568,8.19,2.603
171.5,7.0,51,1.638,6.35,6.438
116.2,5.0,47,3.25,6.5,4.932
84.5,5.0,30,1.946,10.1,2.892
103.6,5.0,12,2.548,1.12,5.527
88.9,4.0,38,5.863,11.71,5.766
108.5,5.0,79,1.449,0.11,4.113
90.0,4.0,64,2.397,0.03,4.157
100.9,5.0,67,1.532,2.22,3.752
130.9,6.0,66,2.912,1.04,5.522
128.0,7.0,82,4.357,2.86,5.744
168.0,9.0,20,2.934,17.4,5.867
119.0,6.0,64,2.579,26.5,4.251
105.8,4.0,6,4.942,1.54,5.749
177.0,7.0,22,3.154,6.28,7.121
97.5,4.0,2,3.931,10.64,4.242
48.7,2.0,38,3.75,1.17,3.232
136.7,5.0,12,0.745,2.96,4.284
114.3,6.0,34,2.626,6.61,4.526
104.2,6.0,12,1.673,0.2,4.119
138.0,7.0,3,1.872,5.18,5.951
90.3,4.0,42,5.278,1.3,4.739
49.4,2.0,36,2.296,4.28,1.941
138.9,7.0,37,6.37,0.08,7.004
83.5,4.0,31,1.443,3.66,2.979
75.0,4.0,36,1.669,0.63,3.138
50.2,3.0,0,3.831,10.86,3.28
134.9,7.0,43,2.331,2.89,5.512
43.6,1.0,76,3.121,1.68,2.285
157.1,7.0,12,2.584,5.27,6.455
93.2,4.0,12,2.549,12.58,3.465
137.1,6.0,70,2.37,0.28,6.446
120.3,6.0,45,2.947,3.28,5.07
188.9,9.0,23,3.628,7.04,8.009
119.1,6.0,70,5.621,3.15,6.644
155.0,7.0,29,2.482,16.48,5.284
86.5,4.0,54,2.277,8.77,3.416
60.5,3.0,50,2.149,33.58,0.752
144.4,5.0,15,5.267,4.09,7.094
60.0,4.0,67,3.709,19.07,2.571
134.3,6.0,55,1.157,2.17,4.872
72.1,4.0,18,1.134,13.83,1.848
115.0,6.0,68,1.871,1.79,5.285
190.2,8.0,55,3.015,17.22,6.974
130.7,5.0,76,2.678,4.55,4.594
97.6,6.0,73,3.427,4.28,4.494
121.2,6.0,28,2.512,3.74,4.601
87.5,4.0,84,5.098,8.69,4.81
217.0,9.0,3,3.848,5.28,8.986
81.4,4.0,30,2.815,26.51,2.481
101.2,5.0,54,4.551,5.9,4.818
126.7,5.0,48,1.294,29.32,2.922
118.2,7.0,20,2.616,4.42,5.494
122.8,6.0,17,2.892,1.88,5.893
88.1,4.0,70,3.564,9.03,4.203
96.3,4.0,78,1.256,4.11,2.831
142.1,7.0,61,2.418,5.92,5.527
139.6,7.0,47,3.255,5.43,6.069
119.2,4.0,69,3.369,18.08,3.954
161.8,7.0,21,4.636,7.12,6.689
144.1,9.0,87,3.829,2.14,6.199
138.2,6.0,11,2.645,5.82,6.187
59.6,2.0,52,3.683,6.78,2.653
118.7,5.0,30,2.483,6.5,4.785
111.5,6.0,81,2.904,11.77,4.286
169.2,8.0,22,3.887,0.12,7.637
38.2,3.0,57,2.663,0.24,2.351
99.3,5.0,14,3.199,9.0,4.698
108.4,6.0,16,4.19,0.22,5.793
71.8,3.0,37,3.745,28.3,2.134
76.3,4.0,71,4.735,13.54,3.822
169.4,8.0,25,7.751,15.16,8.074
122.6,7.0,62,3.73,0.5,6.085
190.3,9.0,51,2.209,10.35,6.721
98.6,4.0,88,3.422,4.34,4.149
63.9,3.0,27,3.357,5.95,3.503
93.9,3.0,21,3.583,13.87,3.732
88.6,2.0,81,5.327,8.11,4.362
132.3,7.0,29,1.274,0.46,5.647
130.5,6.0,19,5.372,26.01,5.074
124.7,5.0,73,6.251,23.53,5.623
212.1,9.0,73,3.51,0.23,9.048
158.4,8.0,5,3.548,9.64,7.12
78.1,4.0,77,2.438,9.46,3.805
145.7,8.0,56,2.726,1.14,6.042
106.0,5.0,25,3.721,9.28,4.494
97.7,5.0,48,3.615,2.18,5.122
165.5,8.0,21,3.76,5.81,7.513
76.4,3.0,15,3.604,0.13,3.93
142.3,7.0,11,4.073,8.6,6.552
134.5,4.0,14,3.873,14.54,6.283
76.0,3.0,52,1.714,4.73,2.955
59.0,3.0,72,3.953,1.69,3.841
102.1,4.0,43,6.274,0.79,6.697
37.1,1.0,1,2.686,0.79,3.267
151.6,8.0,38,5.338,5.38,7.522
118.5,6.0,67,1.799,22.29,3.919
167.4,7.0,75,2.682,16.52,5.502
115.8,5.0,65,2.037,13.93,3.903
171.5,7.0,33,5.056,11.75,7.266
85.5,4.0,58,5.687,2.5,4.563
124.5,5.0,6,2.6,1.28,4.844
91.7,3.0,36,4.604,0.09,5.183
101.0,5.0,48,5.713,9.17,5.616
108.3,5.0,2,2.678,16.89,3.668
118.4,6.0,1,2.882,21.29,4.833
81.7,4.0,72,3.782,19.86,2.763
122.5,5.0,19,1.861,9.08,4.581
106.4,6.0,11,2.856,5.54,4.677
65.1,3.0,53,7.13,1.09,5.281
56.2,3.0,25,2.171,14.09,2.392
151.8,7.0,88,3.992,13.27,6.308
47.1,3.0,85,3.441,22.36,1.889
99.3,3.0,74,2.525,15.73,3.439
62.9,3.0,27,3.003,10.8,2.396
181.6,7.0,78,5.982,2.43,8.92
126.7,5.0,22,3.487,2.14,5.384
117.3,6.0,21,3.741,5.42,5.477
79.2,3.0,87,5.587,23.18,3.39
64.8,3.0,60,2.386,0.34,3.24
111.5,6.0,7,1.697,3.55,4.419
104.2,5.0,79,6.024,12.32,5.326
72.2,4.0,14,2.891,15.67,3.517
71.4,4.0,61,4.064,3.73,3.529
70.2,3.0,39,1.929,12.37,2.435
69.4,4.0,1,3.238,2.77,3.459
84.6,5.0,70,1.659,3.08,3.656
117.3,5.0,61,2.797,7.81,4.412
124.1,5.0,79,2.031,10.3,4.316
103.5,4.0,55,1.831,19.3,2.567
109.8,6.0,68,2.372,28.66,3.542
126.1,7.0,81,0.968,2.38,4.618
51.8,2.0,87,1.613,3.35,2.018
112.7,4.0,50,3.865,2.59,5.536
161.0,7.0,1,3.179,2.3,6.52
98.4,5.0,31,1.676,22.87,2.596
149.6,7.0,55,3.478,1.94,6.617
99.1,5.0,9,1.831,3.67,3.523
129.0,5.0,10,3.762,1.75,5.439
116.5,6.0,35,2.58,9.5,4.38
69.8,3.0,81,2.348,12.78,2.021
75.1,4.0,28,2.609,10.57,3.042
171.5,8.0,84,8.6,0.44,9.794
138.7,7.0,72,1.932,9.54,5.271
101.3,5.0,27,3.01,8.91,4.985
96.8,4.0,20,3.864,3.18,4.845
79.4,4.0,74,1.763,18.86,2.282
119.9,6.0,68,1.327,23.27,3.238
81.7,5.0,56,2.074,20.97,2.614
92.6,5.0,88,3.826,4.75,4.602
84.5,3.0,9,2.331,20.46,3.002
135.6,6.0,34,2.45,10.5,5.447
99.9,4.0,54,4.095,6.72,4.882
110.1,5.0,6,1.891,0.17,5.248
70.3,3.0,87,2.612,3.2,3.113
84.3,3.0,51,1.375,12.36,2.348
110.9,4.0,27,3.14,5.04,4.653
60.0,1.0,21,3.014,3.86,2.923
97.4,2.0,0,3.888,1.95,4.415
104.5,5.0,53,1.624,10.04,3.438
67.4,5.0,87,2.493,6.98,2.579
147.3,8.0,3,1.529,10.87,5.523
118.0,5.0,37,2.433,13.0,4.43
99.7,5.0,59,5.295,4.44,4.851
82.3,3.0,38,2.353,6.14,3.138
59.3,2.0,58,1.47,1.09,3.021
143.3,6.0,64,2.002,8.84,5.354
89.7,4.0,86,1.317,2.23,3.446
63.9,3.0,54,1.517,2.08,2.388
81.5,4.0,63,3.676,6.1,4.063
122.2,6.0,27,1.418,12.27,4.175
113.8,5.0,13,3.128,3.8,4.863
72.3,3.0,8,2.75,9.46,2.994
152.2,6.0,9,2.14,3.36,5.846
63.7,2.0,74,3.011,10.16,2.079
163.3,6.0,3,1.783,6.19,5.575
112.2,6.0,43,3.968,0.36,5.607
92.0,4.0,55,1.985,3.81,3.389
96.3,3.0,60,2.284,21.11,2.665
107.8,5.0,5,2.165,13.88,3.395
125.5,5.0,77,3.707,6.16,5.634
56.0,4.0,39,3.473,2.24,4.162
80.6,3.0,1,0.835,12.41,2.766
106.7,5.0,11,3.048,9.0,4.983
154.3,8.0,77,1.24,10.17,5.447
152.2,6.0,84,2.331,1.24,6.017
175.4,8.0,67,2.589,7.04,6.726
149.6,7.0,30,2.32,18.16,4.842
78.7,4.0,85,3.405,5.03,3.972
104.4,5.0,24,3.759,2.48,5.399
149.9,6.0,21,1.919,13.45,5.027
144.7,7.0,68,1.888,2.76,5.778
97.9,4.0,29,2.675,3.09,4.077
124.3,6.0,46,1.357,11.11,3.987
89.6,5.0,59,2.193,6.08,3.945
62.1,3.0,14,4.986,2.01,4.44
100.8,5.0,83,1.38,3.47,3.624
98.8,5.0,14,2.333,10.81,3.787
88.2,4.0,89,2.082,12.39,3.024
125.6,7.0,24,6.702,2.67,6.726
96.8,4.0,37,2.134,1.18,3.861
119.6,6.0,22,2.19,1.5,4.674
134.8,7.0,48,1.709,3.9,5.231
221.9,9.0,0,2.73,3.46,9.139
101.4,4.0,15,3.07,7.61,4.554
155.0,7.0,46,1.825,4.7,5.667
113.3,5.0,62,4.242,2.33,5.271
115.5,4.0,86,3.071,20.8,3.47
101.9,5.0,75,3.988,2.29,5.713
109.9,6.0,82,2.345,3.55,4.556
97.1,3.0,71,3.033,2.6,4.269
145.4,7.0,69,2.47,1.83,5.189
81.6,2.0,31,5.238,1.91,4.394
61.9,3.0,81,2.864,0.21,3.153
87.2,5.0,86,2.729,0.71,3.883
84.1,4.0,46,2.212,2.67,3.702
87.2,4.0,10,2.155,1.27,3.991
100.1,5.0,3,3.025,3.13,4.973
87.3,3.0,44,3.931,16.92,2.902
99.6,5.0,57,1.998,0.74,3.827
87.4,4.0,49,2.878,1.84,4.055
120.5,7.0,80,2.953,34.2,3.185
221.1,9.0,48,3.194,10.84,8.2
112.5,5.0,59,1.261,15.97,3.386
88.6,3.0,68,1.793,0.57,3.257
46.1,1.0,80,1.47,0.51,1.88
192.7,9.0,54,2.759,15.63,7.138
114.6,5.0,50,1.812,0.23,4.663
99.3,4.0,6,2.174,13.58,3.85
46.9,2.0,57,1.588,0.01,1.372
101.0,4.0,16,2.267,10.28,3.645
109.6,5.0,33,1.639,7.51,4.355
87.5,3.0,47,3.823,15.63,3.277
65.6,3.0,7,3.372,1.53,3.376
64.2,3.0,62,2.908,0.62,3.266
193.8,8.0,25,2.373,2.49,7.587
108.5,5.0,46,1.087,4.6,3.698
87.5,4.0,31,2.212,0.07,4.617
106.3,4.0,31,1.93,8.76,3.99
103.9,5.0,35,3.038,10.29,4.011
63.2,4.0,4,3.593,4.99,3.174
142.0,8.0,17,3.146,4.57,6.436
98.4,4.0,70,4.799,3.25,4.792
109.0,4.0,10,2.105,5.3,5.094
169.4,7.0,44,2.066,0.22,6.813
66.2,4.0,12,4.336,12.19,3.835
80.2,3.0,48,2.929,2.87,3.808
116.7,5.0,57,2.432,20.57,4.126
141.0,8.0,42,6.24,0.39,6.969
84.8,4.0,69,3.525,8.44,3.406
86.4,4.0,23,2.495,9.44,3.897
129.5,6.0,50,1.996,1.4,5.744
214.4,9.0,24,4.938,29.0,7.466
107.5,6.0,45,2.984,16.05,3.51
80.1,3.0,5,2.748,8.14,3.552
72.6,4.0,24,3.685,21.46,3.101
100.0,4.0,63,4.039,7.32,4.657
138.8,6.0,70,3.481,11.75,5.443
250.0,9.0,24,4.046,2.0,9.536
94.4,4.0,23,3.33,0.76,4.541
107.6,5.0,26,3.489,18.03,4.133
181.6,7.0,25,1.956,3.76,6.651
116.0,5.0,89,6.139,9.61,5.24
112.7,5.0,58,1.56,1.06,4.593
168.6,8.0,34,3.124,3.24,7.398
108.5,5.0,41,1.49,9.78,3.495
74.5,3.0,45,2.601,6.42,3.135
156.1,7.0,49,2.102,1.15,6.03
59.9,3.0,34,2.89,5.51,2.819
146.7,8.0,87,3.17,9.52,6.04
104.7,4.0,26,1.768,5.93,4.138
94.7,4.0,38,2.683,4.17,4.502
93.9,3.0,0,5.089,18.13,4.748
99.8,3.0,44,1.506,0.06,3.793
90.1,4.0,76,1.851,10.8,4.06
121.8,6.0,89,4.004,2.39,6.219
91.2,5.0,42,2.815,4.5,3.934
53.2,3.0,12,2.91,31.35,1.381
105.0,6.0,64,4.306,0.86,4.805
52.2,2.0,57,1.902,41.7,0.2
104.7,5.0,86,2.152,3.66,4.733
89.5,3.0,45,2.036,0.87,4.704
142.8,7.0,0,2.324,1.69,6.027
96.0,4.0,81,4.967,4.52,5.118
135.5,7.0,60,1.264,0.04,5.444
130.2,5.0,72,1.588,10.11,5.017
131.4,6.0,10,1.47,7.09,4.514
173.7,8.0,41,5.108,2.93,9.059
97.2,5.0,41,2.062,0.36,4.146
107.1,4.0,24,2.347,6.18,3.872
120.7,6.0,76,1.314,1.62,4.421
108.2,6.0,16,2.416,13.02,3.924
96.1,4.0,6,4.015,13.03,4.51
76.7,4.0,21,3.046,18.43,2.384
105.4,3.0,89,2.589,0.25,4.366
62.0,3.0,10,1.344,5.87,2.664
51.0,1.0,52,2.345,15.93,2.062
71.0,3.0,16,2.904,13.35,3.17
130.9,5.0,35,1.74,4.12,5.419
113.5,5.0,49,3.65,0.84,5.19
131.3,7.0,1,4.048,3.03,6.554
82.6,2.0,21,2.143,8.22,2.325
148.0,6.0,52,3.768,10.31,5.988
64.2,3.0,1,2.587,3.87,3.35
71.9,4.0,44,4.555,8.08,4.191
147.1,7.0,54,6.789,18.95,6.403
110.7,4.0,19,1.662,2.28,4.2
131.6,6.0,14,3.843,0.9,6.2
113.7,6.0,44,4.89,7.55,5.552
86.5,4.0,64,1.756,1.47,3.774
69.1,2.0,1,2.098,2.01,3.057
55.0,2.0,30,2.088,2.44,2.598
187.3,8.0,89,2.561,8.27,6.709
59.2,2.0,30,2.316,4.06,3.066
166.6,6.0,29,2.486,23.64,5.7
108.7,4.0,66,3.963,1.11,5.085
114.9,6.0,43,1.158,6.1,5.147
112.3,5.0,35,1.754,5.31,4.032
125.9,6.0,70,3.675,8.85,5.692
80.0,4.0,2,3.486,3.08,3.923
48.9,4.0,64,1.688,9.84,2.131
85.9,4.0,34,3.497,0.73,4.693
122.2,6.0,79,4.939,1.49,5.85
72.1,3.0,65,2.659,9.2,2.862
149.3,7.0,84,1.727,3.76,6.188
100.4,5.0,11,4.03,3.66,4.878
69.9,3.0,17,5.902,0.95,5.129
110.4,5.0,81,1.824,6.21,4.153
121.5,6.0,35,2.767,1.52,5.365
124.5,5.0,73,4.44,7.36,4.994
37.6,2.0,61,2.863,5.34,2.382
36.0,2.0,44,1.238,1.37,1.623
147.1,6.0,4,3.319,10.6,6.361
62.7,4.0,6,1.75,1.7,3.103
147.2,7.0,64,1.534,3.06,5.529
152.0,7.0,8,1.249,15.61,5.124
69.1,2.0,0,4.644,7.36,3.617
73.6,3.0,19,1.867,9.07,3.333
133.9,6.0,82,3.158,4.13,5.452
91.4,5.0,56,3.527,22.24,3.243
160.1,8.0,64,2.924,19.87,6.081
176.1,9.0,58,3.106,4.33,7.356
69.9,2.0,50,3.227,1.92,3.391
79.5,4.0,23,2.893,2.62,4.061
108.4,6.0,38,1.931,5.66,4.569
48.5,2.0,49,1.855,3.84,2.062
55.5,3.0,88,2.593,1.14,3.094
76.5,4.0,80,2.568,7.22,2.732
198.3,9.0,66,3.298,4.26,8.086
114.1,5.0,73,4.463,17.54,4.966
83.7,3.0,72,3.173,3.46,4.022
73.4,5.0,60,1.887,7.55,2.174
68.9,4.0,74,1.019,9.26,2.109
85.7,4.0,6,1.923,13.84,2.639
84.1,4.0,1,1.484,16.32,3.138
96.8,4.0,39,1.957,1.67,3.873
123.5,6.0,4,3.031,19.2,5.033
101.9,5.0,30,2.823,8.31,3.882
136.7,7.0,17,6.273,5.36,7.512
94.5,4.0,86,3.378,8.01,4.014
181.1,7.0,58,6.418,1.26,9.822
135.6,6.0,3,3.75,4.7,6.593
113.0,4.0,56,4.431,5.21,5.717
123.7,5.0,65,2.313,0.75,5.756
86.5,4.0,29,1.676,5.62,3.476
96.3,5.0,79,2.221,3.29,3.941
95.1,6.0,87,2.704,0.86,4.314
80.4,2.0,88,2.049,0.84,3.288
65.1,5.0,8,1.732,1.74,2.226
126.0,6.0,40,3.279,0.36,5.795
144.3,7.0,69,1.729,5.31,5.433
119.8,4.0,39,1.363,0.68,4.436
101.8,5.0,43,1.641,1.17,3.613
211.1,9.0,29,2.446,1.51,8.255
83.4,4.0,37,1.74,14.61,2.203
114.3,4.0,62,2.453,16.91,4.371
151.7,7.0,2,3.562,4.36,6.634
71.2,4.0,71,3.52,6.41,2.809
129.4,6.0,65,2.019,10.98,4.518
185.6,9.0,12,1.512,19.19,6.441
104.6,6.0,69,2.098,5.02,4.288
110.8,5.0,46,3.651,3.1,4.878
83.5,5.0,28,4.056,3.34,4.381
123.2,6.0,40,3.186,8.3,5.091
79.8,4.0,46,4.668,13.4,3.832
102.5,5.0,18,5.919,22.03,4.505
62.5,3.0,54,2.187,11.28,2.304
41.8,1.0,56,5.307,5.5,2.742
89.0,4.0,33,2.418,11.02,3.778
88.6,3.0,41,4.301,7.75,4.699
91.6,5.0,55,3.739,0.96,4.402
134.1,7.0,45,1.117,31.41,3.051
145.8,7.0,39,1.76,2.45,5.554
116.0,5.0,86,1.569,3.87,4.198
130.8,5.0,79,1.219,5.32,4.528
80.6,3.0,34,4.038,10.16,4.01
74.2,5.0,64,6.896,1.65,5.729
124.0,5.0,72,2.421,1.34,5.586
70.9,2.0,9,3.992,3.76,3.922
68.3,4.0,53,5.302,15.0,3.348
253.3,9.0,71,2.985,1.12,9.108
106.9,6.0,5,2.687,3.59,5.475
88.6,5.0,30,2.434,1.74,4.307
85.2,5.0,71,3.462,6.54,4.111
63.1,3.0,84,4.029,19.8,2.699
115.1,4.0,89,3.346,3.93,4.904
94.4,4.0,54,3.295,4.4,4.467
144.3,7.0,3,2.656,3.81,5.993
125.4,6.0,2,1.327,2.87,5.268
93.4,4.0,73,4.071,8.33,4.137
52.1,2.0,66,1.525,4.06,1.666
107.0,4.0,17,3.592,4.26,4.392
103.8,6.0,11,3.819,17.16,4.395
48.9,4.0,13,1.627,38.7,0.749
120.4,5.0,78,2.068,23.07,3.286
70.1,3.0,68,7.062,1.58,4.792
147.0,6.0,85,2.623,5.75,5.724
101.6,5.0,10,1.57,1.93,3.972
84.5,5.0,62,3.898,2.92,5.006
112.2,4.0,83,1.92,16.46,3.765
109.8,5.0,47,1.145,13.85,2.946
108.4,5.0,69,3.435,4.18,4.81
140.0,7.0,54,1.8,3.51,5.16
114.5,6.0,0,3.141,3.95,4.925
82.0,5.0,38,1.886,7.35,3.295
95.4,4.0,23,3.737,4.39,4.954
165.5,8.0,7,2.952,0.86,7.144
79.6,4.0,53,0.848,7.56,2.402
119.7,5.0,83,3.228,1.5,4.45
141.9,7.0,4,2.386,8.6,5.405
123.7,6.0,29,5.142,3.56,6.609
107.3,5.0,60,3.247,19.91,3.375
112.9,5.0,28,3.82,6.97,5.625
126.4,5.0,10,1.974,17.36,3.995
79.3,3.0,17,1.905,0.94,3.539
104.0,4.0,2,2.687,1.96,4.544
210.6,9.0,89,2.311,4.74,7.387
121.0,6.0,44,4.963,11.14,5.893
108.5,6.0,84,2.537,6.52,4.182
92.2,4.0,61,1.566,6.36,3.034
79.5,3.0,31,1.873,6.75,2.229
114.2,6.0,84,4.197,10.2,5.542
116.9,5.0,23,2.521,1.21,5.079
101.7,5.0,16,2.461,0.65,5.042
242.7,9.0,72,4.38,9.63,9.684
81.8,5.0,49,1.801,1.27,3.98
75.6,4.0,38,0.994,1.61,2.749
92.6,5.0,52,1.852,11.62,2.827
102.8,5.0,87,3.031,4.9,4.671
78.2,3.0,25,2.43,13.22,2.952
113.3,6.0,81,1.347,5.31,3.918
117.4,6.0,81,4.294,4.61,5.835
131.6,6.0,68,2.926,1.02,5.758
87.7,5.0,14,3.238,0.82,4.807
160.4,7.0,8,3.283,11.39,6.057
128.5,7.0,10,1.515,1.46,5.591
81.3,5.0,63,3.115,3.27,3.99
78.1,3.0,35,4.089,5.82,4.433
94.7,5.0,88,4.541,8.36,4.971
117.5,6.0,0,3.761,11.56,5.485
123.4,7.0,33,3.424,1.5,5.821
128.4,5.0,23,1.244,15.04,4.266
205.5,9.0,79,2.7,2.5,8.382
54.3,2.0,10,1.767,27.21,1.205
56.8,2.0,36,4.84,0.79,4.0
100.7,4.0,78,4.521,1.06,5.41
198.9,9.0,87,1.772,2.1,7.187
133.7,5.0,82,2.663,1.29,5.933
74.1,4.0,58,3.04,0.7,3.208
111.3,6.0,14,4.077,36.5,3.661
98.7,5.0,8,1.279,2.07,3.839
97.5,4.0,36,1.006,0.52,3.46
87.2,4.0,43,2.765,1.26,4.198
108.3,5.0,46,0.87,14.96,2.765
149.7,7.0,4,2.919,0.18,7.372
89.7,5.0,60,3.548,18.19,3.084
128.7,6.0,35,4.741,1.78,6.136
136.5,5.0,9,2.054,2.97,5.038
160.0,7.0,82,2.923,29.17,4.945
77.7,4.0,32,3.644,8.42,4.172
105.4,6.0,20,1.601,15.46,3.779
83.9,5.0,44,4.104,4.49,5.032
108.4,6.0,85,3.075,0.13,4.717
108.1,5.0,74,2.07,3.0,4.529
71.5,4.0,8,2.897,2.56,3.636
110.5,4.0,61,2.553,6.04,4.418
209.4,9.0,59,3.861,4.31,8.992
123.5,5.0,79,2.311,8.51,3.927
66.8,3.0,86,3.011,2.46,3.925
76.1,6.0,67,2.056,4.99,3.31
103.6,5.0,58,1.782,8.46,3.209
76.7,3.0,31,2.936,4.21,3.362
156.9,7.0,80,1.816,3.55,5.867
64.3,3.0,84,3.897,11.85,2.754
123.8,5.0,89,3.548,7.84,4.368
60.1,4.0,85,1.926,10.57,2.21
103.1,5.0,57,2.993,8.52,4.047
73.1,4.0,86,1.923,0.77,3.376
131.5,6.0,70,1.321,4.01,4.363
147.5,6.0,21,2.078,4.61,6.511
117.4,6.0,2,2.657,6.06,5.247
149.9,7.0,88,3.437,18.1,5.515
45.2,1.0,38,2.907,3.81,2.623
110.0,7.0,78,4.09,4.22,4.778
123.2,6.0,25,1.748,2.39,4.786
128.6,6.0,32,2.294,16.17,5.138
54.6,3.0,74,5.697,19.44,2.989
120.8,6.0,47,1.14,12.15,3.917
129.6,6.0,60,2.218,4.32,4.943
109.6,5.0,28,1.678,11.2,4.372
67.0,2.0,55,2.489,3.53,2.854
86.9,4.0,43,2.236,13.63,2.666
157.2,8.0,83,3.564,10.99,7.19
150.9,6.0,44,3.05,14.67,5.081
122.4,5.0,7,1.511,1.67,4.791
132.4,7.0,66,2.086,3.47,4.985
144.6,6.0,85,2.718,10.07,5.091
122.0,5.0,79,3.791,16.51,4.287
155.6,7.0,9,8.124,19.83,7.749
153.8,7.0,89,3.729,6.05,6.756
233.9,9.0,31,1.724,3.4,7.879
88.1,4.0,75,2.606,3.66,4.218
88.7,4.0,56,2.949,12.76,3.858
39.6,2.0,87,2.152,0.42,2.201
118.9,6.0,30,3.359,0.93,5.666
194.5,9.0,54,0.978,0.2,7.225
159.9,8.0,61,3.487,9.93,6.985
138.1,7.0,13,2.194,0.43,5.28
163.8,7.0,69,2.587,1.09,6.832
124.0,5.0,12,5.257,11.07,5.711
95.1,4.0,74,1.541,0.36,3.999
212.3,9.0,11,3.073,2.2,8.443
120.9,6.0,16,3.886,2.16,6.149
152.6,7.0,44,2.935,31.13,4.152
45.1,2.0,16,1.315,2.01,1.409
47.8,3.0,6,4.991,2.16,3.848
111.2,6.0,4,2.472,0.3,5.636
76.7,4.0,25,2.144,9.66,3.253
114.7,5.0,44,2.364,13.81,4.284
88.6,3.0,3,2.289,4.86,4.046
247.1,9.0,12,1.591,3.08,8.836
148.3,6.0,55,2.928,1.25,6.404
169.5,8.0,28,2.078,0.97,6.608
50.7,3.0,68,3.676,2.93,2.978
137.4,5.0,75,3.431,19.11,4.753
98.9,4.0,2,5.649,0.36,5.768
170.7,8.0,85,2.471,25.41,5.306
130.5,5.0,61,1.894,0.53,5.001
103.7,5.0,73,1.403,37.48,1.553
69.3,3.0,43,7.294,0.47,5.472
110.5,5.0,0,3.662,2.33,5.476
155.9,7.0,79,1.991,9.15,5.163
174.3,8.0,51,5.824,4.99,8.452
93.0,4.0,3,5.004,3.58,5.123
231.2,9.0,14,1.48,52.34,5.556
151.6,7.0,18,1.937,26.07,4.389
77.2,3.0,33,2.561,6.75,3.659
71.4,2.0,39,1.679,2.37,3.176
101.0,4.0,38,2.603,7.84,3.691
93.0,4.0,78,3.745,1.81,4.717
124.3,5.0,84,1.465,3.33,4.959
106.5,5.0,61,3.101,6.41,4.231
95.6,6.0,57,4.599,6.5,4.735
61.2,2.0,77,3.255,4.87,3.197
131.8,6.0,24,2.627,21.07,4.04
59.5,4.0,50,2.012,2.01,2.578
151.7,7.0,57,3.951,7.19,6.156
52.4,2.0,25,1.601,4.87,2.403
58.4,3.0,85,3.032,3.79,2.668
77.1,4.0,21,2.75,0.2,3.835
90.2,5.0,5,4.511,5.27,4.737
84.0,3.0,29,2.091,5.43,3.781
90.0,4.0,73,2.173,27.45,1.92
115.4,4.0,33,1.555,8.14,3.529
77.7,4.0,19,3.309,3.32,3.518
115.8,4.0,78,2.246,8.13,4.408
45.3,2.0,13,1.844,0.48,2.617
76.7,3.0,14,1.925,3.12,3.722
57.5,3.0,80,3.461,2.85,2.712
151.1,7.0,28,1.655,6.3,5.547
81.1,4.0,0,1.722,12.93,3.761
129.0,5.0,39,4.069,10.55,5.405
54.4,3.0,66,2.522,4.81,2.376
173.2,7.0,68,4.178,7.69,7.176
108.7,5.0,7,2.312,1.39,4.974
204.6,9.0,25,2.717,1.86,8.409
104.4,5.0,55,2.916,7.71,4.147
61.4,3.0,59,5.075,1.07,3.981
73.6,6.0,55,4.892,2.23,4.671
96.6,4.0,30,4.567,5.91,4.704
74.5,4.0,77,2.048,3.12,2.71
145.7,6.0,7,1.744,2.1,6.355
107.5,5.0,74,3.828,3.84,4.879
74.8,2.0,84,5.051,3.55,4.085
137.7,6.0,61,4.587,1.46,6.473
92.3,4.0,38,2.734,0.76,4.253
135.5,6.0,34,3.772,12.29,5.762
87.3,5.0,39,3.802,21.24,3.336
125.8,5.0,14,2.907,18.34,4.925
91.2,4.0,19,2.964,1.2,4.61
145.8,7.0,57,2.841,15.4,5.272
54.7,1.0,49,1.907,0.61,2.154
67.5,3.0,44,1.996,2.07,3.362
99.6,5.0,42,1.982,4.87,3.963
82.3,4.0,7,1.324,9.06,2.538
90.2,5.0,78,2.899,1.02,4.595
130.9,6.0,86,2.669,7.88,4.777
89.6,4.0,22,3.83,11.29,4.429
117.2,5.0,28,4.794,0.13,5.275
76.5,4.0,56,4.933,4.62,4.366
51.1,2.0,0,5.146,9.2,3.944
135.2,6.0,9,1.933,1.6,5.516
187.8,8.0,81,1.427,33.41,5.116
113.0,6.0,15,4.132,0.85,5.543
101.5,4.0,51,5.063,0.38,5.698
108.9,4.0,79,5.475,25.57,4.361
164.3,8.0,65,3.381,1.35,7.155
113.5,3.0,24,1.107,17.62,3.823
137.6,6.0,13,3.204,6.21,6.321
135.4,5.0,64,3.49,4.06,6.01
150.2,8.0,36,4.775,27.54,6.1
100.7,4.0,87,5.172,16.16,4.193
86.9,4.0,58,4.093,9.43,3.966
126.3,6.0,0,2.087,3.41,4.708
146.3,6.0,22,1.711,20.09,4.143
156.3,7.0,67,3.457,0.07,6.502
171.7,8.0,63,1.903,4.69,6.425
141.6,6.0,66,5.279,3.6,6.435
85.3,4.0,21,1.262,0.04,3.506
113.0,4.0,22,3.508,14.78,4.419
109.5,4.0,18,3.139,0.78,4.661
105.4,5.0,62,2.477,3.7,4.94
126.4,6.0,1,1.793,3.27,4.655
97.5,3.0,73,1.075,9.91,3.274
97.6,5.0,25,2.14,3.89,3.369
192.1,9.0,43,2.157,2.62,7.435
102.5,5.0,22,4.483,2.18,5.055
149.8,7.0,38,1.911,8.19,5.321
152.9,7.0,68,3.333,1.71,7.187
114.0,7.0,17,1.52,12.86,3.984
98.9,4.0,51,3.374,0.33,4.355
77.6,3.0,5,0.993,4.1,3.038
59.2,2.0,16,6.979,8.55,4.456
129.6,7.0,61,2.551,7.74,5.22
120.4,7.0,51,0.773,6.62,3.879
136.3,6.0,55,1.968,2.6,5.017
88.8,4.0,20,1.833,7.5,3.162
199.5,9.0,18,2.024,14.5,7.313
124.1,6.0,38,2.307,10.79,4.603
101.2,4.0,11,2.017,4.56,3.739
50.2,1.0,79,1.883,6.51,1.822
92.1,6.0,24,1.614,0.53,4.111
138.6,7.0,64,3.935,5.9,6.36
170.1,8.0,14,4.667,0.35,7.917
106.7,5.0,58,2.424,2.94,4.455
180.3,9.0,18,2.697,13.59,6.964
75.6,2.0,25,1.637,3.58,2.577
121.7,5.0,37,2.807,7.0,5.256
122.9,6.0,11,3.015,4.17,5.475
130.0,4.0,11,2.463,3.55,4.845
111.7,5.0,67,3.249,13.97,3.919
119.4,5.0,31,3.123,19.34,4.267
75.0,3.0,51,1.692,3.26,2.78
164.0,7.0,58,4.65,2.35,7.744
144.5,6.0,56,2.476,2.42,5.698
117.7,4.0,56,5.778,5.54,6.162
145.7,7.0,87,3.284,10.77,5.397
166.0,7.0,56,6.599,11.08,7.891
129.3,5.0,31,4.613,2.73,6.727
207.7,9.0,25,3.011,0.27,8.499
133.1,6.0,72,1.963,2.46,4.967
78.9,3.0,37,1.982,10.27,2.552
115.7,4.0,50,3.455,7.96,4.82
147.7,7.0,73,2.899,13.54,5.965
166.0,7.0,21,2.085,26.97,4.58
112.5,5.0,20,3.955,1.59,5.563
76.8,3.0,4,2.766,3.75,3.069
98.2,4.0,6,3.965,8.51,4.532
65.8,4.0,55,1.752,11.32,2.435
137.9,7.0,45,4.262,7.31,5.724
91.7,5.0,26,3.406,13.41,3.821
83.0,4.0,19,4.659,1.31,5.014
142.7,7.0,62,4.22,0.78,6.772
179.0,7.0,7,2.616,1.94,7.361
82.9,4.0,63,2.523,14.08,2.663
112.8,5.0,81,6.064,2.21,6.357
99.6,5.0,40,2.385,3.79,4.063
168.8,7.0,44,3.807,42.41,5.148
103.5,5.0,48,2.29,12.8,2.966
74.4,4.0,8,1.176,2.06,2.985
105.2,6.0,56,1.565,0.74,4.346
155.8,7.0,32,3.263,4.13,7.079
97.6,5.0,42,3.727,18.71,3.944
85.8,3.0,2,3.268,1.74,4.357
101.9,4.0,78,4.553,2.95,5.228
75.2,2.0,30,3.242,4.53,4.002
99.5,5.0,6,1.918,8.11,3.805
87.9,4.0,70,3.552,8.07,3.461
222.3,9.0,88,2.934,23.41,6.754
53.6,2.0,46,2.098,1.3,2.764
78.8,3.0,3,3.362,25.73,2.758
85.7,4.0,89,2.817,1.57,3.78
75.4,4.0,18,2.07,3.69,3.175
122.1,7.0,21,2.509,2.08,5.486
82.4,4.0,63,5.135,7.8,4.616
63.5,3.0,29,5.06,1.44,4.508
109.3,6.0,7,2.958,6.67,4.515
95.7,4.0,61,2.789,6.92,3.328
83.7,4.0,23,1.426,2.54,3.068
167.3,8.0,77,5.893,8.04,7.367
123.5,5.0,13,4.333,2.14,5.584
118.7,5.0,81,3.813,2.41,5.958
124.5,5.0,65,0.977,9.43,3.155
122.3,6.0,21,2.769,0.72,5.671
97.3,5.0,52,2.567,1.59,4.689
82.7,5.0,84,3.696,6.69,4.351
110.1,4.0,5,2.219,1.29,4.782
96.7,6.0,73,2.449,7.69,4.433
53.4,1.0,41,3.592,5.48,3.47
73.2,2.0,85,1.919,19.43,1.688
92.6,4.0,18,2.099,22.5,2.938
143.8,7.0,64,2.965,7.03,6.258
110.3,5.0,87,4.965,8.19,5.002
77.8,3.0,30,3.911,34.2,2.196
71.2,3.0,9,4.41,1.85,4.113
154.8,6.0,35,2.797,1.17,6.573
98.9,5.0,53,5.327,8.43,4.581
38.3,2.0,56,1.242,1.74,2.122
101.0,6.0,43,6.753,2.78,6.638
132.8,6.0,83,7.158,17.4,6.756
70.4,1.0,52,3.338,13.24,1.906
107.4,4.0,57,3.953,5.52,4.559
110.9,5.0,86,2.672,5.51,4.977
71.8,3.0,84,2.474,12.46,2.482
159.9,7.0,30,2.065,3.58,5.627
111.6,4.0,25,2.659,3.88,4.768
92.4,5.0,67,3.491,4.41,4.649
99.1,5.0,47,3.284,16.55,4.055
67.4,3.0,40,6.646,2.43,5.013
66.5,3.0,62,2.844,15.78,2.837
89.5,4.0,59,1.391,12.49,2.561
91.4,3.0,82,5.697,4.95,5.23
96.9,4.0,32,1.569,5.89,3.658
165.0,6.0,67,2.113,24.58,4.833
130.3,5.0,20,3.072,0.96,5.621
56.0,2.0,84,3.28,4.54,2.669
153.5,9.0,7,1.418,10.86,5.655
89.3,3.0,67,1.943,10.48,2.914
134.7,5.0,9,1.396,3.86,5.258
91.7,4.0,79,3.596,0.04,4.343
109.1,6.0,86,4.63,21.85,4.971
69.0,3.0,73,1.569,17.12,1.613
117.4,6.0,70,4.255,3.55,5.985
140.1,6.0,43,4.132,2.05,6.824
59.3,2.0,22,2.021,2.72,2.737
140.9,6.0,88,1.114,5.32,4.803
82.5,3.0,47,1.679,2.07,3.025
184.2,9.0,73,2.08,4.88,6.776
135.6,5.0,64,5.44,1.21,6.863
127.3,6.0,63,2.577,0.54,5.399
99.3,5.0,31,1.728,2.65,4.487
238.1,9.0,38,2.905,0.95,9.161
89.5,3.0,39,1.518,2.89,3.26
73.8,3.0,54,3.426,16.14,2.348
83.5,5.0,64,1.751,3.9,3.628
149.0,7.0,17,1.869,12.73,5.514
108.4,5.0,20,3.219,1.55,5.47
103.0,4.0,4,5.975,17.03,5.583
89.9,4.0,47,7.308,18.07,5.471
101.2,4.0,60,1.702,3.97,4.094
87.9,4.0,18,2.078,0.18,4.182
131.5,6.0,64,3.428,9.14,5.67
96.1,5.0,0,4.6,2.82,4.74
84.0,3.0,77,1.027,2.88,2.477
144.5,6.0,62,2.827,24.89,4.145
74.5,4.0,61,2.183,0.49,3.87
108.9,5.0,63,1.144,7.12,3.429
53.3,2.0,32,1.489,6.94,1.747
64.7,4.0,89,2.105,2.51,2.865
92.6,4.0,67,2.791,2.91,3.637
87.3,5.0,16,4.279,0.26,5.199
87.3,3.0,83,3.188,2.27,3.199
136.0,7.0,66,4.164,1.36,6.036
138.8,7.0,27,2.751,1.19,6.132
116.1,5.0,85,1.979,1.12,4.133
73.2,2.0,22,2.503,1.2,3.858
100.9,3.0,58,3.717,1.8,4.737
193.9,8.0,60,4.326,2.96,8.702
228.8,9.0,86,2.543,2.82,8.7
145.0,6.0,51,1.789,11.05,5.006
74.2,3.0,89,3.161,3.47,3.095
101.2,4.0,25,3.371,4.05,5.016
113.5,5.0,72,4.734,14.42,5.137
107.7,4.0,22,2.003,1.28,5.178
150.5,7.0,89,2.013,2.59,6.038
133.9,6.0,68,3.82,0.43,6.019
72.9,2.0,56,2.263,0.81,3.273
84.7,3.0,5,2.22,1.21,3.955
144.8,6.0,44,4.78,24.99,5.947
167.0,7.0,12,1.467,7.53,6.473
114.0,6.0,82,6.857,2.06,6.717
174.6,8.0,34,2.063,3.54,6.352
109.6,3.0,74,4.015,0.12,4.503
77.0,3.0,81,2.588,19.18,1.962
129.7,7.0,9,3.071,17.51,4.818
267.7,9.0,68,2.415,10.78,9.807
67.5,4.0,27,3.997,0.11,4.722
172.1,7.0,9,2.325,2.9,7.176
127.1,6.0,23,2.1,9.23,5.263
83.0,4.0,49,6.147,7.85,4.823
53.7,3.0,76,2.754,0.62,2.339
47.4,1.0,62,2.006,1.87,1.733
87.2,3.0,20,1.39,0.25,2.795
120.0,6.0,26,6.293,37.97,4.379
141.1,6.0,27,2.12,13.19,4.83
152.6,8.0,66,6.875,21.42,7.141
116.3,5.0,46,3.253,0.72,5.373
110.2,5.0,2,2.899,16.67,3.96
93.7,3.0,6,2.934,7.35,4.225
121.0,5.0,6,7.368,25.52,5.755
83.5,3.0,86,1.014,2.9,2.805
68.7,3.0,45,2.994,15.28,2.283
107.8,5.0,44,2.412,11.21,4.453
137.3,7.0,68,2.47,17.06,4.781
64.0,3.0,17,2.907,9.25,3.203
87.2,3.0,2,2.411,8.09,3.143
106.5,5.0,24,2.958,7.68,4.63
105.7,4.0,18,2.69,4.85,4.699
125.9,6.0,71,1.505,11.39,3.493
191.8,9.0,73,3.227,2.65,8.244
47.6,2.0,57,3.752,11.55,1.997
195.1,9.0,81,2.13,3.07,7.456
188.6,9.0,41,6.3,23.4,8.63
141.9,5.0,21,4.958,17.49,6.289
113.3,4.0,29,3.974,1.77,4.923
84.0,5.0,12,3.952,6.84,4.378
141.3,6.0,81,2.755,1.38,6.224
115.3,4.0,54,4.543,6.83,5.071
94.4,5.0,69,5.512,0.99,5.449
140.0,6.0,25,3.91,1.09,6.378
148.6,6.0,64,2.103,20.31,4.849
39.9,1.0,29,2.67,2.57,1.711
166.5,8.0,40,3.519,2.96,7.421
80.9,2.0,58,3.963,11.42,3.315
158.7,7.0,88,2.625,0.84,6.375
94.9,4.0,50,2.106,6.0,3.638
113.4,6.0,63,5.545,5.72,6.231
121.0,6.0,53,1.678,0.57,4.852
154.0,6.0,38,1.78,11.3,5.814
134.9,7.0,83,1.496,13.28,4.778
93.8,3.0,86,1.778,4.71,3.07
49.4,2.0,27,4.765,10.09,3.631
125.4,6.0,80,4.837,17.57,5.397
111.8,4.0,40,2.629,11.03,4.253
67.3,4.0,66,3.399,9.91,3.465
116.3,5.0,46,2.705,2.41,4.615
106.0,5.0,69,1.59,5.9,3.383
165.9,6.0,78,7.375,4.98,8.415
200.1,9.0,38,5.046,1.61,8.894
147.2,6.0,63,3.188,5.77,6.7
103.9,6.0,45,1.849,4.27,3.966
109.3,5.0,71,2.457,5.33,4.395
80.0,5.0,17,1.991,1.84,3.784
85.0,4.0,65,2.84,16.77,3.474
101.8,5.0,53,3.125,18.59,3.386
98.2,5.0,40,2.331,14.43,3.005
66.0,4.0,33,1.413,0.92,3.397
166.6,8.0,63,7.095,8.75,8.401
175.1,6.0,31,3.025,1.59,7.399
164.6,7.0,2,3.338,1.17,7.502
177.4,9.0,85,2.248,13.2,6.64
222.1,9.0,40,1.346,0.97,7.998
80.5,4.0,14,2.618,2.25,3.654
218.4,9.0,20,2.35,0.59,7.874
93.6,4.0,74,3.741,17.39,3.284
132.0,5.0,29,4.087,3.54,6.092
60.8,2.0,25,3.835,20.5,2.216
89.5,6.0,43,4.241,7.29,4.305
148.8,6.0,2,6.121,7.52,7.495
134.2,6.0,50,3.24,9.89,5.881
93.0,4.0,3,4.458,3.5,5.034
109.3,6.0,75,3.395,23.35,3.43
86.3,4.0,38,1.156,6.42,3.498
148.6,6.0,19,2.536,6.96,5.555
170.7,9.0,40,1.84,0.91,7.331
80.6,4.0,15,3.017,33.05,2.12
105.5,4.0,28,1.904,3.39,4.222
65.1,2.0,11,3.57,1.57,4.209
115.1,6.0,60,4.227,5.97,5.005
127.1,6.0,87,4.672,10.59,5.285
118.4,4.0,43,5.633,1.45,6.194
123.6,4.0,8,1.279,15.92,3.727
101.6,4.0,6,1.585,6.63,4.745
102.5,4.0,74,10.15,20.82,6.266
100.8,3.0,31,4.281,0.73,4.687
88.6,3.0,26,3.007,10.6,3.304
92.3,4.0,9,2.758,3.28,4.34
125.1,5.0,59,2.65,22.55,4.127
166.6,9.0,5,1.139,5.76,5.979
75.8,3.0,81,1.92,6.16,2.812
102.3,5.0,18,2.585,6.69,5.041
70.5,4.0,6,1.97,10.14,2.861
89.2,4.0,63,2.089,9.52,3.384
94.2,5.0,31,8.597,7.09,7.407
112.3,5.0,62,2.427,2.49,4.42
111.2,5.0,3,3.081,10.86,4.392
105.1,7.0,77,3.032,2.32,4.747
121.5,6.0,27,3.544,16.58,4.673
78.2,3.0,68,2.193,7.12,2.358
112.6,5.0,84,4.764,1.17,5.765
135.6,6.0,48,3.319,15.41,5.241
77.9,4.0,30,1.523,14.13,2.47
57.1,2.0,28,2.59,1.86,2.981
148.2,6.0,61,2.516,4.53,5.872
71.2,3.0,0,2.464,8.63,2.628
87.7,5.0,13,3.418,18.83,3.688
134.2,6.0,58,3.617,13.16,5.548
76.6,4.0,2,3.43,54.56,0.481
144.5,7.0,26,3.166,3.62,6.791
83.4,4.0,58,2.825,19.1,2.442
80.0,3.0,22,1.032,1.97,2.619
70.6,4.0,83,3.858,3.98,3.834
83.6,5.0,87,3.386,3.23,4.279
127.9,6.0,3,1.745,0.66,5.563
87.7,4.0,15,3.084,4.74,4.351
148.4,8.0,81,3.639,12.39,5.8
106.6,5.0,2,4.605,7.32,5.461
109.8,5.0,43,3.42,9.8,4.562
79.2,4.0,85,3.142,13.34,3.189
156.2,7.0,52,4.162,2.97,7.037
136.0,6.0,27,2.368,11.86,4.869
134.6,6.0,0,3.272,16.06,5.146
99.6,5.0,35,2.055,22.63,2.368
67.8,4.0,48,4.48,2.01,4.506
111.8,6.0,7,1.317,16.25,3.768
126.0,5.0,47,3.926,21.86,3.84
126.5,6.0,36,2.74,7.73,5.417
120.6,6.0,29,4.197,6.85,5.681
118.9,6.0,87,1.913,1.82,4.363
83.3,3.0,80,2.831,10.18,2.842
84.6,4.0,62,2.793,10.97,3.128
70.8,3.0,53,3.304,3.87,3.201
149.0,7.0,42,1.697,12.53,4.875
196.7,8.0,6,3.619,5.55,8.727
265.7,9.0,27,1.185,5.82,9.257
114.4,5.0,0,2.013,7.08,5.227
119.0,6.0,32,1.346,3.31,4.648
101.0,5.0,42,3.946,15.05,4.537
113.8,5.0,55,3.255,1.04,4.889
76.5,4.0,31,3.337,4.88,3.801
100.3,4.0,22,5.275,4.09,5.501
80.2,4.0,63,2.358,19.56,2.738
95.9,5.0,13,3.576,17.13,3.99
82.4,5.0,11,2.8,0.35,4.391
126.1,6.0,62,2.615,1.71,5.438
131.5,6.0,52,4.894,18.72,5.431
117.7,5.0,78,6.937,2.32,6.66
84.7,4.0,66,2.239,0.93,3.476
69.2,3.0,81,3.956,1.74,4.167
132.0,7.0,59,3.138,17.38,4.829
106.4,5.0,75,3.155,1.52,4.936
56.3,2.0,15,3.038,6.12,2.816
111.5,6.0,47,2.34,1.3,5.223
119.3,5.0,85,0.542,4.15,3.138
61.9,2.0,70,5.423,17.78,3.298
126.8,5.0,36,1.988,18.55,3.603
64.9,4.0,83,2.438,1.48,3.24
81.7,5.0,28,2.462,1.47,3.908
65.1,4.0,2,1.91,4.05,2.523
78.9,5.0,71,3.029,4.36,3.903
69.4,4.0,37,2.665,8.65,3.173
148.7,7.0,3,1.969,6.39,5.71
97.8,5.0,18,2.907,0.02,4.733
90.9,5.0,6,2.678,28.4,2.861
153.7,8.0,89,4.127,3.12,7.297
150.9,6.0,76,1.487,1.85,5.39
93.3,5.0,83,1.892,1.4,4.19
117.0,6.0,16,3.767,5.71,5.504
86.9,4.0,72,2.038,3.44,3.963
102.8,4.0,50,1.81,2.01,3.976
73.4,4.0,26,2.084,15.19,2.371
122.8,5.0,60,2.598,3.5,4.618
155.9,6.0,85,2.602,0.67,6.174
146.0,7.0,41,2.473,13.36,5.09
108.1,5.0,2,1.711,4.81,4.807
54.7,2.0,75,3.849,3.91,2.774
85.6,3.0,16,4.937,7.48,4.394
102.8,6.0,16,1.151,0.28,4.444
66.6,4.0,55,1.351,0.3,3.262
63.0,3.0,71,4.269,6.19,3.77
171.1,7.0,71,5.509,10.97,7.881
140.0,6.0,78,1.043,0.26,5.033
126.0,6.0,79,3.923,2.25,5.792
134.3,6.0,11,5.681,17.39,6.923
70.2,3.0,27,1.844,17.01,2.758
78.0,4.0,64,5.534,8.52,4.794
114.6,6.0,35,2.509,9.25,4.978
117.6,5.0,64,3.132,30.27,3.766
65.3,3.0,40,1.967,1.41,2.538
111.8,4.0,40,4.265,7.64,5.121
103.4,6.0,2,3.957,7.04,5.696
144.4,6.0,54,5.907,2.04,7.623
117.8,5.0,77,5.198,6.91,5.729
178.3,8.0,73,2.707,9.85,7.171
93.5,4.0,30,11.01,1.67,8.149
71.7,3.0,60,4.992,1.48,4.692
176.5,8.0,17,3.467,20.5,6.649
119.9,5.0,57,1.735,2.23,4.806
103.6,5.0,36,1.365,6.08,4.029
79.0,2.0,83,1.419,0.9,3.317
93.9,5.0,63,1.786,4.96,4.171
92.2,5.0,6,5.052,9.22,4.905
70.6,4.0,78,3.384,1.47,3.847
49.7,1.0,65,2.063,0.88,2.672
91.5,4.0,19,2.557,10.08,3.649
135.5,7.0,25,2.421,12.64,4.678
160.6,9.0,15,3.896,7.62,6.816
146.4,7.0,27,1.83,20.38,4.43
149.4,8.0,84,3.182,5.79,6.029
73.3,4.0,81,3.111,8.78,2.967
115.3,5.0,49,1.855,2.49,4.908
126.4,6.0,32,5.554,1.77,6.679
129.1,5.0,32,2.38,12.13,5.131
102.8,4.0,86,1.739,3.94,3.372
110.5,4.0,17,3.99,1.09,5.334
201.9,9.0,68,2.786,3.15,7.967
144.8,7.0,89,3.267,3.71,6.36
124.8,6.0,76,1.595,9.67,4.698
132.7,6.0,64,3.918,19.72,4.836
90.1,3.0,80,7.225,0.89,6.289
130.3,5.0,19,1.54,31.95,2.62
110.0,5.0,88,3.188,26.34,3.708
139.7,5.0,8,1.909,3.67,4.928
83.3,3.0,1,9.119,12.64,6.355
135.7,5.0,17,4.749,6.51,6.745
94.3,5.0,54,3.086,1.78,4.805
136.0,7.0,22,1.564,4.29,4.704
115.5,4.0,57,1.744,1.27,4.27
107.3,5.0,9,3.803,4.53,5.474
96.0,6.0,62,1.472,5.95,3.899
103.8,4.0,20,1.493,0.35,4.261
91.6,4.0,47,2.729,18.65,2.378
95.3,4.0,10,2.886,4.92,4.724
123.6,6.0,87,3.225,7.18,5.584
59.1,3.0,33,2.23,8.67,2.542
135.3,6.0,54,4.113,15.28,5.577
136.1,6.0,43,1.844,3.45,5.43
97.0,4.0,53,3.604,14.85,4.419
111.5,5.0,40,2.993,3.61,5.003
76.3,3.0,6,3.562,10.76,3.515
120.9,6.0,74,4.627,0.59,6.232
79.4,4.0,57,2.215,14.53,2.753
40.4,1.0,22,2.019,5.61,1.816
158.4,7.0,7,1.272,1.48,5.429
73.5,3.0,79,1.096,30.01,1.126
103.0,4.0,29,2.511,7.65,4.535
112.9,4.0,81,2.59,4.37,4.804
123.5,5.0,68,1.667,4.44,4.851
106.1,5.0,86,1.837,2.37,4.104
116.3,4.0,59,5.395,3.83,5.982
96.2,4.0,16,4.031,3.98,5.294
62.4,4.0,3,1.541,0.52,3.306
104.7,5.0,22,2.228,8.98,4.637
129.3,6.0,39,3.263,0.19,5.666
75.0,2.0,56,2.051,2.86,2.779
113.3,6.0,80,1.889,6.9,4.119
191.3,9.0,12,2.334,15.03,6.589
102.4,5.0,57,4.441,1.8,4.872
104.2,6.0,7,4.626,11.0,5.403
60.8,2.0,43,1.952,16.27,1.935
72.1,1.0,6,3.344,19.3,2.693
79.6,3.0,33,2.71,29.85,2.17
127.6,6.0,54,1.727,1.18,4.526
76.6,4.0,66,2.378,0.08,3.412
54.4,2.0,72,1.539,22.36,0.833
120.1,4.0,47,4.588,2.95,5.798
82.0,3.0,23,5.466,38.89,2.343
61.6,2.0,82,2.26,9.82,1.862
132.9,6.0,84,2.03,25.57,3.599
92.6,4.0,87,4.369,7.13,4.818
123.9,5.0,71,4.699,17.02,5.217
60.9,2.0,70,1.646,3.45,2.678
48.2,2.0,6,2.543,9.1,2.219
109.7,5.0,51,2.647,10.81,4.23
71.3,3.0,36,1.922,0.2,3.383
109.2,5.0,23,3.234,2.3,5.039
110.0,5.0,6,1.984,31.42,2.664
105.3,4.0,19,2.132,14.74,3.116
148.9,6.0,82,2.597,3.63,5.602
250.3,9.0,81,1.391,1.92,9.068
119.3,7.0,66,1.077,0.55,5.049
191.2,8.0,9,4.109,7.41,7.794
59.6,2.0,61,1.948,0.16,2.044
93.4,4.0,11,7.104,0.04,6.757
67.0,3.0,61,6.602,12.16,4.392
83.8,5.0,3,2.164,2.32,3.465
95.3,4.0,25,7.788,1.25,5.579
197.2,9.0,11,4.145,2.86,8.31
107.3,5.0,84,2.033,2.57,4.082
150.9,8.0,51,0.851,2.66,5.104
90.8,5.0,83,3.705,0.56,4.869
87.2,4.0,1,2.757,0.96,3.99
60.1,3.0,66,3.301,4.57,3.115
194.8,9.0,43,2.452,4.59,8.412
168.6,8.0,42,1.625,2.79,6.455
113.7,5.0,78,2.243,25.4,3.144
97.1,5.0,4,3.736,23.64,3.728
108.7,5.0,84,2.318,1.56,4.708
66.2,3.0,2,2.311,16.8,2.56
123.8,5.0,32,1.372,15.8,3.504
163.5,7.0,12,2.832,11.08,6.163
166.5,6.0,47,1.648,18.05,4.952
60.9,2.0,53,4.11,5.16,3.296
150.4,6.0,57,1.954,5.82,6.174
66.3,3.0,71,2.38,15.25,2.437
49.2,4.0,67,7.198,11.43,4.214
152.5,7.0,85,2.368,2.36,6.433
88.4,5.0,40,2.229,0.63,4.123
144.8,7.0,15,3.538,2.24,6.008
140.2,7.0,14,1.217,0.2,6.108
133.9,7.0,24,4.772,6.36,6.474
108.2,4.0,54,4.252,7.5,4.185
68.6,3.0,4,3.442,10.58,2.757
95.3,5.0,85,0.595,1.97,3.664
167.5,8.0,89,2.419,18.49,5.055
146.1,7.0,14,1.533,19.12,5.182
97.0,4.0,70,4.508,3.85,4.936
96.6,4.0,53,4.365,20.69,4.139
129.8,7.0,43,3.237,7.33,5.489
110.9,4.0,66,1.582,17.2,3.406
98.7,5.0,51,5.325,14.18,5.013
126.0,6.0,29,2.416,0.05,5.455
124.6,5.0,50,6.125,5.69,6.179
84.6,3.0,12,3.063,3.93,4.117
118.4,5.0,22,3.415,2.01,4.844
122.0,6.0,87,2.21,0.84,5.301
105.4,5.0,16,5.12,27.91,4.398
81.6,4.0,53,3.574,6.07,4.122
94.3,3.0,26,5.203,3.08,4.327
76.2,5.0,41,2.944,16.43,2.667
119.5,5.0,22,2.661,1.25,5.042
61.0,3.0,51,3.553,25.25,2.306
173.8,8.0,50,5.203,3.47,7.778
160.7,7.0,55,4.295,0.32,8.247
123.0,7.0,27,2.893,1.7,5.528
143.1,5.0,52,1.179,1.19,4.787
139.7,7.0,65,3.914,23.93,5.031
111.5,4.0,64,1.423,14.48,3.007
99.6,4.0,51,2.761,2.05,3.97
95.8,4.0,26,2.58,2.24,4.632
176.2,7.0,47,1.436,17.38,5.721
80.6,4.0,48,3.214,0.44,4.308
81.1,2.0,85,7.167,6.53,5.614
147.5,6.0,33,2.362,7.4,5.803
142.6,6.0,29,3.837,0.05,6.231
97.7,3.0,67,7.846,8.83,6.271
127.5,7.0,57,4.008,0.24,5.831
133.3,6.0,38,2.034,11.18,4.644
67.6,3.0,0,3.024,5.23,3.418
164.5,7.0,63,3.375,3.95,6.753
133.3,6.0,66,5.182,4.53,5.887
123.7,7.0,83,4.694,20.43,4.768
133.6,8.0,45,0.782,3.05,4.95
118.6,6.0,46,1.849,0.39,4.69
103.4,5.0,18,2.634,44.31,2.551
53.6,4.0,41,1.721,0.75,3.109
111.8,5.0,0,0.514,1.79,3.687
65.6,4.0,45,1.961,1.51,3.082
201.5,9.0,63,2.714,6.99,8.229
102.8,5.0,70,2.146,2.17,4.193
200.2,9.0,59,1.736,5.69,7.147
112.5,4.0,72,2.769,10.46,4.486
86.9,4.0,59,3.172,2.97,4.005
162.8,6.0,70,2.201,8.63,6.24
122.0,4.0,39,5.039,13.03,5.263
228.7,9.0,54,2.79,1.34,8.734
86.2,3.0,57,1.836,12.06,3.097
165.2,8.0,51,1.639,0.44,6.459
223.9,9.0,51,2.47,4.62,8.464
168.4,8.0,70,4.486,1.76,6.977
137.2,6.0,21,1.876,0.9,5.417
168.9,8.0,28,3.554,2.38,7.675
103.6,5.0,46,2.836,6.05,4.163
80.5,4.0,58,6.666,8.2,5.416
89.5,3.0,46,3.24,10.6,3.777
109.8,5.0,17,1.985,22.19,3.319
139.6,7.0,74,3.786,6.4,6.528
82.3,4.0,49,3.844,4.39,4.102
95.9,4.0,39,2.274,26.24,2.554
84.5,3.0,79,1.61,2.68,3.069
148.4,6.0,39,3.46,2.16,6.471
199.6,9.0,14,2.797,6.25,8.163
76.0,2.0,88,1.374,3.44,2.065
129.6,6.0,34,3.048,0.55,6.113
155.0,7.0,80,2.041,1.49,6.023
100.5,4.0,46,1.374,8.48,3.616
66.7,3.0,21,2.32,11.06,3.496
162.2,7.0,33,4.842,5.96,7.216
65.4,4.0,81,4.682,0.11,3.79
179.4,8.0,85,4.162,2.61,7.785
83.9,3.0,12,3.068,6.43,3.948
62.4,2.0,88,3.554,2.8,3.497
91.7,3.0,76,2.842,5.14,3.59
106.9,5.0,58,1.653,2.24,3.893
114.5,5.0,16,1.809,9.16,3.699
133.3,6.0,52,2.068,2.94,4.788
118.0,6.0,38,5.107,5.6,5.926
193.4,9.0,11,4.413,2.62,8.625
105.2,4.0,88,1.672,1.21,4.685
120.2,6.0,54,2.784,0.11,4.764
116.7,5.0,8,2.268,12.96,4.431
60.1,2.0,30,2.535,9.26,2.254
71.4,3.0,75,2.136,3.65,3.024
110.0,4.0,39,5.117,25.11,4.226
125.2,7.0,44,2.695,13.26,5.201
53.0,3.0,12,2.996,7.47,3.162
196.7,8.0,9,3.007,4.42,7.874
128.7,5.0,88,1.712,5.76,5.038
107.9,4.0,85,2.854,7.87,4.455
126.7,6.0,8,4.384,3.13,6.761
90.0,4.0,49,5.274,7.54,4.889
114.9,4.0,61,1.622,1.11,4.68
121.2,6.0,79,1.372,18.8,3.261
162.9,8.0,50,2.795,5.9,6.246
102.0,5.0,78,4.478,0.79,6.078
66.0,3.0,10,3.196,20.77,2.111
79.8,4.0,1,3.692,3.88,4.146
99.2,4.0,41,1.474,0.79,3.244
68.3,2.0,23,2.101,0.34,2.826
77.0,3.0,67,1.012,20.5,1.279
80.0,3.0,30,2.549,1.87,3.442
97.0,5.0,36,1.026,4.62,3.655
128.1,6.0,48,4.952,2.82,6.621
95.4,4.0,86,5.472,1.88,4.997
131.2,5.0,6,2.896,7.78,5.071
107.9,5.0,49,1.376,2.44,4.493
77.8,4.0,35,3.219,5.86,4.368
121.9,7.0,3,6.275,7.59,7.293
115.4,5.0,73,3.367,16.39,3.726
132.4,6.0,82,4.633,0.37,6.842
141.9,8.0,15,2.185,4.73,6.504
164.8,8.0,68,1.837,1.19,5.793
129.6,6.0,63,2.633,7.65,5.462
114.1,4.0,63,1.142,10.47,3.616
132.6,7.0,41,7.53,1.78,7.82
92.3,3.0,28,2.895,5.22,4.044
90.0,4.0,6,4.015,9.93,4.523
172.9,8.0,3,2.209,2.58,7.38
89.2,4.0,15,1.357,7.36,3.652
80.7,3.0,47,5.164,6.05,4.026
129.6,7.0,12,1.639,14.77,4.305
92.6,4.0,61,3.18,6.56,4.084
141.4,6.0,55,3.318,2.7,6.622
160.3,8.0,31,2.81,2.73,5.793
84.4,3.0,7,1.91,12.29,2.772
135.0,6.0,46,2.541,18.17,4.105
88.5,5.0,74,1.773,1.84,3.166
99.9,5.0,35,3.912,24.98,4.065
120.0,4.0,72,3.516,3.31,4.988
90.1,5.0,25,2.692,2.79,3.431
116.3,5.0,7,2.105,2.03,4.831
102.7,4.0,58,7.017,4.06,6.956
142.5,6.0,79,1.513,6.14,4.359
142.6,5.0,79,1.357,28.12,3.672
90.3,4.0,86,2.62,8.0,4.091
120.9,5.0,9,2.42,1.13,5.196
150.2,7.0,3,4.454,11.13,7.345
76.6,4.0,51,3.636,1.35,3.897
102.5,5.0,85,2.755,9.67,4.5
119.1,5.0,89,3.405,2.7,5.611
75.5,4.0,25,3.377,3.34,3.954
93.8,5.0,33,7.005,4.09,5.667
185.8,8.0,59,3.047,11.28,6.641
89.1,3.0,82,2.001,4.41,2.52
92.3,3.0,15,2.972,27.58,2.96
62.4,3.0,87,0.837,3.31,2.228
129.1,5.0,73,2.679,0.86,5.363
72.6,4.0,6,4.445,21.14,3.323
103.2,4.0,75,3.564,18.44,4.25
81.0,3.0,57,3.109,3.56,3.851
116.2,5.0,88,3.641,0.6,5.142
41.5,1.0,18,4.466,1.83,3.244
110.8,5.0,89,5.162,6.78,6.201
120.2,6.0,4,3.325,3.76,5.799
94.6,4.0,6,2.358,23.68,2.797
96.5,4.0,40,0.96,9.47,3.064
90.7,4.0,59,4.221,3.81,4.8
102.8,3.0,15,3.428,0.24,4.764
173.8,8.0,24,2.912,42.39,4.666
144.0,7.0,35,1.994,4.59,5.639
102.7,5.0,11,4.197,14.23,5.205
93.8,5.0,15,2.421,2.21,4.588
139.3,6.0,13,2.677,0.59,5.872
113.7,6.0,85,2.651,1.49,5.198
74.9,3.0,84,3.328,14.07,2.928
98.8,5.0,56,1.621,1.08,4.126
167.0,7.0,61,3.501,21.46,5.984
127.4,6.0,12,1.965,13.75,3.814
94.1,4.0,4,1.996,7.23,2.685
64.6,4.0,33,4.049,1.81,4.078
116.0,7.0,88,1.737,1.18,4.381
108.1,6.0,43,4.045,2.53,4.886
101.7,6.0,72,2.845,8.16,3.986
139.8,5.0,33,1.295,4.74,5.285
127.9,5.0,27,5.023,5.34,6.394
65.2,3.0,73,3.126,12.13,2.974
108.3,5.0,42,3.246,3.41,5.096
70.2,3.0,65,4.277,6.88,3.397
91.2,3.0,65,5.337,2.17,5.381
68.6,4.0,65,2.976,4.07,3.577
69.4,5.0,60,3.589,0.21,4.002
120.8,6.0,72,3.212,0.21,5.509
116.8,6.0,41,2.33,0.91,5.33
105.6,5.0,27,1.333,1.76,3.893
88.7,3.0,46,2.994,0.47,4.536
67.0,3.0,29,5.056,8.69,4.206
91.4,6.0,3,3.534,15.7,4.098
116.9,5.0,32,1.681,0.14,5.264
116.0,5.0,45,4.454,16.02,4.491
165.8,8.0,46,2.365,0.04,6.65
157.2,8.0,30,1.06,1.59,5.699
107.0,4.0,65,4.298,20.12,4.283
91.1,4.0,25,1.776,4.82,4.036
81.6,3.0,58,6.058,0.1,4.953
63.9,3.0,24,4.556,12.42,4.642
72.6,4.0,88,2.453,3.83,2.948
186.3,8.0,58,3.342,8.43,7.442
117.0,6.0,50,8.091,10.69,7.03
130.9,6.0,38,4.263,3.02,6.249
97.0,6.0,68,3.026,36.11,2.276
225.7,9.0,38,9.975,1.47,12.473
72.8,3.0,72,2.866,27.59,1.591
62.0,3.0,14,3.532,12.76,2.368
224.2,9.0,73,1.784,1.11,7.856
66.0,2.0,86,1.279,0.06,2.955
96.6,4.0,21,2.388,2.07,4.681
83.8,4.0,20,2.766,1.09,3.391
119.9,4.0,85,3.152,0.43,5.415
94.2,4.0,36,1.435,10.78,2.467
131.1,5.0,62,3.659,12.33,5.181
140.8,6.0,17,1.871,0.57,5.262
63.7,3.0,38,3.575,1.14,3.97
80.8,4.0,63,4.14,15.9,3.754
134.9,6.0,80,2.275,5.25,5.499
150.6,7.0,39,1.762,17.58,4.837
112.7,5.0,6,5.445,0.72,6.296
122.9,6.0,37,4.026,19.73,4.362
169.6,8.0,57,2.911,3.49,6.559
94.6,4.0,78,5.263,4.74,5.422
112.3,5.0,75,2.822,3.59,4.851
157.3,7.0,68,2.056,0.05,6.245
160.8,7.0,14,1.732,1.12,6.761
103.0,6.0,46,2.59,3.33,4.137
81.6,4.0,51,3.847,2.47,4.559
102.7,4.0,42,5.08,10.54,4.633
105.9,5.0,83,2.747,1.67,5.099
80.7,3.0,86,4.692,16.42,3.752
84.5,4.0,18,2.468,0.52,4.359
160.9,7.0,86,1.912,3.39,5.733
124.8,5.0,76,1.51,12.85,4.713
96.7,4.0,63,2.165,1.16,4.734
74.2,3.0,34,1.536,19.59,2.116
84.8,3.0,68,6.715,5.99,5.705
60.5,2.0,52,3.312,15.77,2.286
113.7,6.0,80,2.604,4.42,4.272
83.3,4.0,64,5.9,6.36,5.275
116.7,6.0,86,1.513,6.77,3.828
134.4,7.0,37,2.556,6.01,5.973
117.2,6.0,7,6.685,4.27,7.328
92.9,6.0,44,2.548,10.97,3.9
79.3,4.0,89,8.175,15.81,5.298
70.9,3.0,58,3.871,6.33,3.962
155.3,7.0,63,4.892,15.39,6.621
115.5,6.0,56,4.957,5.89,5.697
94.6,4.0,53,2.72,16.02,2.838
128.4,5.0,5,2.182,3.13,5.561
146.5,7.0,37,2.581,3.39,6.172
83.9,3.0,7,1.743,5.4,4.273
114.4,6.0,30,2.639,0.39,5.161
115.1,6.0,64,2.713,18.64,4.126
167.0,7.0,72,5.813,8.59,7.776
94.1,5.0,20,3.55,5.41,4.845
78.5,3.0,58,7.871,0.21,5.672
118.6,6.0,20,1.029,8.18,4.142
132.0,6.0,18,1.572,0.09,5.599
111.3,7.0,86,2.317,0.92,4.704
171.1,8.0,54,5.321,6.61,8.15
94.0,4.0,17,2.587,1.07,4.368
112.2,4.0,12,1.404,2.34,4.429
65.2,4.0,4,2.434,11.37,3.236
77.1,3.0,44,1.586,75.9,0.2
84.0,3.0,9,1.452,7.95,2.513
99.1,5.0,52,6.682,13.13,5.492
68.3,4.0,39,2.32,2.63,2.972
127.7,6.0,57,2.939,3.1,4.717
81.7,4.0,18,2.607,15.19,3.082
210.2,9.0,13,2.427,8.76,7.969
82.6,4.0,9,1.862,21.14,2.848
108.3,5.0,8,2.364,3.64,4.264
103.9,5.0,6,3.164,4.23,4.893
75.1,4.0,23,5.147,9.99,4.751
99.2,5.0,72,4.163,4.46,4.694
98.8,4.0,54,1.571,0.84,4.073
140.9,6.0,22,4.241,19.39,6.163
120.1,6.0,83,3.367,12.34,4.112
127.1,5.0,68,2.052,0.49,5.131
139.8,5.0,70,2.95,7.84,5.779
127.8,6.0,80,3.517,6.4,5.31
114.0,6.0,67,2.776,17.67,4.548
83.8,3.0,86,3.374,3.82,4.04
111.6,5.0,29,1.844,1.05,5.219
78.8,3.0,77,6.664,8.65,5.101
101.7,4.0,10,1.141,5.82,4.303
97.4,5.0,27,3.526,3.42,4.9
99.4,4.0,80,3.206,58.67,0.586
68.6,2.0,12,3.63,7.84,3.191
41.7,2.0,45,1.976,3.55,2.344
91.6,4.0,30,4.6,2.1,5.403
151.0,6.0,9,2.589,19.2,5.119
107.8,5.0,21,1.594,0.53,5.067
147.2,6.0,48,1.661,15.6,4.63
79.0,3.0,56,2.875,1.04,3.899
90.2,4.0,60,1.325,0.66,3.654
215.0,9.0,11,6.112,4.4,9.505
80.5,4.0,28,4.358,7.92,4.23
126.3,5.0,9,6.185,23.3,6.57
126.2,5.0,0,5.898,1.75,6.613
121.5,5.0,35,2.32,0.06,5.366
126.8,6.0,55,1.838,0.32,4.708
80.1,3.0,33,0.815,3.39,2.469
93.1,3.0,3,2.264,3.35,3.462
44.6,2.0,19,6.017,4.7,4.256
169.0,7.0,38,1.873,1.07,6.231
126.6,5.0,32,2.473,14.44,4.959
84.1,4.0,74,2.118,4.38,3.21
79.3,3.0,53,3.218,0.66,3.979
151.9,8.0,89,4.849,14.92,6.593
82.2,4.0,15,1.36,3.41,2.727
84.0,4.0,33,1.482,7.11,3.179
74.1,3.0,7,5.307,20.06,3.86
134.6,4.0,1,3.781,5.69,6.271
146.4,6.0,83,2.419,0.07,5.529
97.6,4.0,44,5.86,0.06,5.579
146.7,7.0,59,1.471,48.77,2.973
118.1,4.0,24,4.133,4.35,6.02
72.7,3.0,4,2.636,3.31,3.305
164.6,7.0,80,3.571,0.36,6.61
73.8,4.0,59,0.928,4.87,2.473
99.9,5.0,64,2.417,8.8,3.546
97.7,5.0,48,3.787,30.8,3.334
92.1,5.0,36,2.642,0.14,4.022
54.8,3.0,38,4.782,7.3,3.905
198.0,9.0,68,4.711,4.79,8.653
56.9,2.0,20,1.766,1.78,2.907
168.2,9.0,30,3.938,2.7,6.769
78.4,3.0,27,1.739,11.62,2.075
86.5,4.0,46,2.785,8.11,4.112
162.3,8.0,87,3.652,1.88,6.76
122.3,6.0,83,1.867,4.91,4.09
65.9,3.0,49,3.873,1.35,3.731
65.4,3.0,18,2.165,9.19,2.759
116.3,4.0,84,2.093,1.25,4.446
73.4,4.0,28,3.736,7.82,3.946
124.3,6.0,32,1.866,4.24,5.022
128.6,7.0,79,1.824,6.03,4.938
81.0,2.0,23,4.343,12.56,4.252
88.0,4.0,41,2.854,9.27,3.681
117.6,5.0,82,1.413,4.91,4.126
79.9,4.0,28,3.995,0.08,4.839
107.9,5.0,56,2.264,8.67,4.304
219.9,9.0,3,1.446,13.32,7.201
119.5,5.0,89,0.88,17.26,3.156
92.5,4.0,37,4.082,6.26,4.723
205.5,9.0,60,1.846,0.42,7.605
137.9,7.0,45,1.553,3.96,5.068
74.0,4.0,39,3.625,1.52,3.596
78.3,4.0,36,3.906,1.3,3.356
58.9,2.0,1,1.908,13.47,1.921
116.9,5.0,24,4.099,0.12,5.892
51.9,4.0,34,6.853,2.23,4.468
205.4,9.0,33,4.983,1.02,9.773
96.1,2.0,24,4.646,11.26,4.077
140.8,6.0,57,3.131,24.09,4.999
93.3,5.0,74,2.226,2.75,4.087
116.2,5.0,80,2.651,3.67,5.5
100.3,4.0,87,3.315,1.51,4.732
106.8,5.0,58,1.544,11.39,3.078
155.9,7.0,36,1.923,13.2,5.815
182.3,7.0,58,1.43,7.3,6.878
177.1,9.0,11,3.022,2.08,6.964
283.5,9.0,73,2.822,1.58,10.69
82.7,3.0,48,2.026,7.75,3.396
120.0,6.0,14,3.932,16.76,4.953
83.3,3.0,38,1.699,58.81,0.2
153.6,7.0,27,1.993,13.47,5.326
75.1,3.0,31,3.862,9.37,3.461
156.9,9.0,4,4.129,3.2,7.972
112.5,5.0,1,1.9,5.23,4.481
102.2,3.0,31,3.017,11.72,3.813
106.1,4.0,27,1.915,41.69,1.71
70.9,4.0,89,2.487,6.82,3.076
72.8,4.0,23,2.9,4.55,3.623
113.2,7.0,29,3.498,5.72,5.074
112.9,6.0,82,3.136,4.34,5.023
84.5,4.0,77,3.074,4.37,3.633
95.8,4.0,5,1.673,2.4,3.035
123.4,7.0,7,3.237,4.18,5.954
79.8,3.0,8,3.483,6.84,4.079
56.8,2.0,41,3.706,6.51,3.128
171.2,7.0,51,1.966,4.05,6.259
115.9,4.0,31,4.104,7.87,5.181
89.4,4.0,1,1.503,2.65,3.962
83.2,4.0,18,2.239,1.18,3.62
79.5,4.0,55,2.401,2.33,3.888
153.4,7.0,33,1.54,5.13,5.18
67.2,2.0,11,2.385,6.7,2.942
119.9,4.0,58,3.003,3.14,5.017
119.8,6.0,55,1.195,13.4,4.18
135.4,6.0,44,2.276,5.8,4.96
92.2,4.0,84,1.238,14.23,2.33
165.9,7.0,75,6.812,13.98,7.255
136.8,6.0,3,2.991,15.46,5.032
91.2,5.0,81,2.877,7.74,3.93
82.0,3.0,4,3.018,13.32,2.732
100.4,5.0,43,3.568,35.81,2.743
90.2,5.0,81,4.221,10.36,4.473
77.7,3.0,88,1.345,0.6,2.872
107.7,5.0,2,4.902,1.73,5.951
96.0,4.0,6,4.762,16.75,3.947
180.1,7.0,21,2.638,2.0,7.19
90.1,4.0,24,2.577,1.25,4.182
81.7,4.0,25,0.673,6.11,2.711
105.4,5.0,37,1.553,12.29,3.628
114.6,4.0,28,3.433,3.89,5.01
117.6,5.0,52,4.666,5.17,5.549
117.2,6.0,76,3.773,2.81,5.097
106.6,6.0,49,2.627,9.57,4.67
104.0,6.0,29,6.467,4.63,5.926
128.8,5.0,51,4.273,3.34,6.039
75.5,4.0,55,2.277,0.6,4.147
81.9,3.0,80,7.257,10.0,5.549
62.0,3.0,85,1.66,0.8,2.757
75.8,3.0,24,1.402,0.46,3.23
148.0,6.0,82,2.249,22.75,4.436
127.0,6.0,73,1.932,3.69,4.569
188.9,9.0,11,2.307,1.67,7.552
172.1,8.0,50,3.893,15.27,6.96
127.3,6.0,13,2.677,1.03,5.767
110.5,5.0,44,2.708,7.98,4.756
106.0,5.0,4,2.791,6.46,5.06
51.0,3.0,26,0.96,18.43,1.057
102.1,4.0,52,1.375,2.25,3.887
86.5,4.0,27,2.286,1.8,3.224
76.9,5.0,0,1.86,0.79,4.487
120.4,6.0,34,2.449,0.78,5.106
98.1,4.0,48,5.113,3.21,5.567
108.2,5.0,68,2.629,12.17,3.882
73.3,3.0,12,1.499,17.74,1.969
138.8,6.0,42,1.902,0.38,5.467
90.0,4.0,17,5.869,9.34,4.757
118.2,5.0,13,5.417,3.94,5.428
92.5,4.0,10,3.554,0.38,5.197
48.4,2.0,68,1.346,5.41,1.892
122.0,6.0,82,3.121,0.22,5.124
100.2,5.0,59,3.231,9.94,4.385
60.7,3.0,34,2.75,0.55,3.537
70.5,2.0,85,2.103,4.35,2.459
140.3,7.0,44,2.309,5.64,5.717
61.6,3.0,47,2.038,5.58,2.954
89.2,3.0,57,1.624,2.64,2.878
195.1,9.0,58,5.026,12.66,8.389
123.1,5.0,44,4.043,26.09,4.499
133.5,7.0,43,2.391,0.23,6.393
95.3,4.0,28,3.185,0.48,4.826
59.1,1.0,61,3.239,0.39,2.939
111.7,5.0,60,7.801,0.19,7.106
72.1,3.0,39,4.026,7.3,4.448
69.9,3.0,64,3.958,6.67,3.457
107.4,4.0,12,2.765,3.12,4.916
73.7,3.0,37,2.236,8.6,2.829
103.3,4.0,88,5.064,19.52,4.713
82.8,2.0,66,3.646,2.65,4.337
102.1,6.0,64,1.871,1.1,4.295
87.3,4.0,77,3.334,0.07,4.146
103.0,4.0,54,3.962,17.47,3.939
166.9,7.0,59,1.059,9.55,4.909
134.5,7.0,43,1.795,5.71,5.204
99.2,4.0,74,3.2,6.96,4.212
157.2,7.0,64,1.143,0.43,5.504
118.8,5.0,47,1.228,8.77,3.36
153.3,7.0,11,2.407,4.55,6.278
63.7,2.0,72,3.391,2.61,3.348
74.0,3.0,29,3.463,3.41,3.954
111.2,5.0,32,5.54,1.78,5.849
98.4,5.0,11,2.821,30.71,3.075
103.1,4.0,19,2.299,8.36,3.968
125.3,6.0,11,1.509,5.67,5.077
111.6,6.0,8,2.286,0.45,4.697
139.0,5.0,1,3.737,0.5,6.821
137.7,6.0,26,3.814,17.83,5.922
75.1,3.0,68,3.062,12.66,2.998
48.9,1.0,77,3.477,1.27,2.908
73.5,4.0,20,4.828,2.51,4.902
72.0,3.0,38,2.812,8.6,2.759
105.7,4.0,74,5.029,8.03,4.966
105.2,6.0,63,1.96,3.5,4.362
96.5,5.0,81,2.63,6.03,4.701
120.3,4.0,37,2.189,8.83,3.979
227.2,9.0,15,3.883,14.37,9.294
95.8,5.0,12,1.722,1.3,4.055
112.8,5.0,63,2.352,3.26,4.583
103.1,6.0,2,1.177,8.67,4.241
84.8,4.0,41,3.552,0.92,5.111
125.7,6.0,31,4.764,55.92,3.304
94.2,4.0,82,4.095,24.42,3.765
79.0,4.0,89,3.918,7.16,3.507
80.9,3.0,43,3.966,2.67,4.055
140.8,7.0,52,3.724,8.18,5.567
124.6,6.0,34,3.584,34.46,3.688
87.9,3.0,69,3.69,0.64,4.54
119.7,6.0,26,2.024,6.34,4.811
103.5,6.0,66,2.484,6.37,4.902
113.5,5.0,81,2.806,1.77,5.555
84.1,4.0,15,2.337,8.68,3.426
72.7,3.0,20,1.343,1.61,2.732
94.1,4.0,34,1.559,7.53,3.822
76.6,2.0,74,3.015,0.8,3.995
74.9,3.0,57,4.086,20.81,3.123
64.8,3.0,17,2.73,20.47,2.483
49.0,3.0,33,9.433,28.95,4.398
88.4,3.0,57,1.797,1.35,3.164
150.0,7.0,86,3.321,21.09,4.797
136.8,7.0,40,4.86,11.69,6.25
176.0,8.0,6,4.391,1.02,8.059
73.8,3.0,9,3.65,2.51,4.128
128.5,5.0,2,4.4,9.21,5.829
99.1,4.0,11,2.787,0.16,4.057
81.0,2.0,37,5.745,0.43,4.341
143.8,6.0,25,4.842,0.32,7.353
99.4,4.0,27,1.852,22.6,2.601
56.8,3.0,68,3.142,0.44,3.098
136.2,6.0,42,1.355,1.97,4.935
116.9,5.0,65,5.391,0.63,5.915
107.7,5.0,48,3.007,17.66,3.603
69.3,3.0,18,4.988,8.82,4.438
111.9,5.0,85,2.588,4.05,4.455
167.0,7.0,42,1.179,13.63,5.618
115.8,5.0,75,8.907,7.07,7.627
61.9,4.0,8,2.883,11.46,3.027
118.8,5.0,76,1.733,5.25,4.605
116.2,5.0,64,4.552,8.35,5.382
132.1,6.0,22,6.795,9.87,7.538
115.1,4.0,71,2.482,2.28,4.917
74.9,3.0,66,2.6,6.49,3.46
105.8,5.0,80,3.026,3.47,4.277
94.6,4.0,18,1.649,2.12,3.953
110.0,4.0,79,1.992,3.31,3.519
145.7,6.0,68,6.061,4.86,7.745
82.7,4.0,30,2.561,27.1,2.15
185.8,9.0,31,1.865,16.04,6.237
118.5,5.0,22,2.218,6.94,4.17
136.5,6.0,42,4.405,27.34,4.976
130.1,6.0,80,1.117,1.24,4.639
116.9,6.0,75,3.048,0.18,5.926
124.2,6.0,13,8.232,1.8,8.29
35.7,2.0,11,6.78,9.35,3.577
130.1,6.0,5,3.518,14.87,4.71
76.8,3.0,55,4.916,8.74,3.332
101.4,6.0,28,4.894,0.02,5.492
116.6,5.0,68,2.569,23.96,3.079
148.0,6.0,68,4.121,2.8,6.697
76.8,3.0,17,6.079,16.58,4.286
89.1,5.0,62,1.539,2.67,3.563
93.0,4.0,68,3.524,22.51,2.901
110.4,6.0,88,3.198,1.3,5.095
94.9,4.0,65,2.847,3.66,3.631
124.4,5.0,32,2.736,1.59,5.308
57.5,3.0,89,3.017,0.77,3.33
98.7,4.0,24,3.133,1.69,4.527
173.0,8.0,72,4.497,4.31,7.783
95.0,5.0,34,3.368,18.67,3.017
118.7,5.0,84,2.509,21.2,2.961
139.9,6.0,70,1.863,22.97,4.213
117.3,5.0,53,2.198,0.32,5.245
191.9,9.0,19,3.057,1.26,7.979
106.6,6.0,16,1.978,21.5,4.205
126.5,5.0,85,4.161,15.9,4.468
112.0,5.0,72,3.299,11.44,4.231
160.2,7.0,46,4.548,26.27,5.982
90.5,4.0,78,2.039,16.76,2.957
197.8,9.0,70,1.87,11.69,6.668
83.4,3.0,34,4.532,11.89,3.68
179.1,8.0,74,2.882,1.33,7.47
74.0,3.0,71,2.482,0.1,3.453
127.9,5.0,43,3.723,16.45,4.832
103.5,5.0,1,3.661,1.23,5.449
138.9,6.0,66,1.545,5.94,4.915
119.6,5.0,30,5.069,1.65,6.202
136.3,7.0,32,2.26,7.2,5.325
73.2,2.0,64,5.842,1.35,4.44
60.5,4.0,72,1.492,28.22,0.661
69.5,3.0,7,3.136,8.17,3.154
69.0,3.0,74,2.5,6.95,2.852
72.9,3.0,26,1.118,0.62,2.254
85.2,3.0,50,3.655,14.08,3.845
84.9,5.0,78,1.144,2.66,3.197
104.3,6.0,19,2.384,3.43,4.268
78.5,3.0,19,4.468,23.85,3.785
80.5,4.0,87,2.141,0.78,3.479
96.8,4.0,33,1.81,20.66,2.361
145.6,8.0,85,3.897,13.88,6.458
90.0,3.0,32,2.43,14.42,3.634
102.0,5.0,55,2.265,18.94,3.006
107.5,4.0,45,4.825,7.03,5.162
75.5,2.0,88,1.608,10.87,2.065
92.8,4.0,49,2.21,24.93,1.906
82.5,5.0,45,4.014,0.28,4.799
140.7,6.0,41,1.561,24.0,4.336
136.7,7.0,33,6.043,5.18,7.447
79.9,4.0,39,2.466,1.54,3.749
101.4,5.0,41,4.029,4.58,5.346
126.5,6.0,68,4.025,1.63,5.56
115.2,4.0,4,2.538,0.29,5.682
119.4,5.0,45,2.191,2.72,4.554
75.7,4.0,49,2.666,2.53,3.371
176.6,8.0,67,3.746,0.84,7.425
84.6,4.0,59,1.744,3.09,3.156
83.9,4.0,38,1.582,21.29,2.211
66.9,5.0,9,5.301,8.98,4.337
98.2,4.0,33,1.953,19.91,3.024
151.0,8.0,23,3.188,4.34,6.285
114.8,5.0,18,2.482,2.28,5.011
100.8,6.0,64,2.532,31.56,2.351
133.2,5.0,43,5.174,5.48,6.681
149.6,7.0,71,2.616,5.18,6.164
136.6,6.0,12,2.315,3.39,5.605
55.3,3.0,88,2.408,13.77,1.698
133.6,7.0,42,2.167,0.31,5.746
121.0,6.0,22,2.011,1.34,4.775
79.3,4.0,32,2.171,1.7,3.619
121.2,5.0,75,5.746,2.79,6.3
151.1,6.0,63,3.744,17.01,6.585
85.8,4.0,15,2.327,6.53,3.22
139.9,6.0,89,4.228,14.12,4.684
115.7,5.0,11,1.331,17.55,3.349
39.8,1.0,24,5.048,2.27,2.754
103.2,6.0,65,4.869,4.13,5.244
114.1,5.0,47,7.436,9.12,6.181
94.0,5.0,40,4.285,9.35,4.312
117.1,5.0,83,3.309,0.2,4.886
99.5,5.0,71,4.86,3.48,5.617
212.8,9.0,86,2.051,2.2,7.894
91.9,4.0,25,2.275,0.9,4.482
80.0,4.0,76,2.641,7.19,3.348
137.5,8.0,19,5.033,2.03,7.476
95.7,5.0,72,1.849,7.56,3.456
101.3,5.0,49,1.763,6.32,4.416
98.5,5.0,53,3.024,3.28,4.67
134.8,6.0,10,3.754,2.65,5.983
72.7,3.0,79,1.981,0.79,3.287
139.8,7.0,25,3.675,0.35,6.577
124.3,6.0,53,5.032,4.2,6.18
186.0,8.0,14,4.666,3.55,8.404
111.1,5.0,83,3.187,4.15,5.05
74.4,3.0,28,2.61,5.87,2.561
111.6,5.0,68,5.936,5.88,5.871
116.2,6.0,68,2.737,14.14,4.557
155.7,7.0,49,4.15,15.12,6.363
74.3,2.0,10,6.562,8.42,4.484
61.9,3.0,25,3.959,1.12,3.004
112.3,4.0,55,1.736,4.5,4.737
189.0,7.0,48,1.557,2.77,6.787
130.6,7.0,52,2.378,1.92,6.033
133.2,6.0,22,3.741,15.82,5.64
66.4,3.0,48,3.321,2.84,3.206
106.1,5.0,7,7.339,0.73,6.139
156.8,6.0,43,3.306,0.61,6.541
116.7,4.0,8,2.346,5.32,4.672
60.7,3.0,59,1.632,36.46,0.648
105.4,4.0,51,4.624,0.57,5.097
127.4,6.0,76,2.711,13.49,4.711
35.3,1.0,41,1.38,12.59,0.942
101.6,5.0,14,2.746,2.53,5.021
77.3,4.0,21,1.737,2.86,3.216
138.9,7.0,73,2.244,17.24,4.846
90.7,4.0,86,2.726,7.48,3.735
120.4,5.0,5,1.809,40.4,2.89
104.5,5.0,60,2.183,11.7,3.488
89.5,4.0,43,1.945,24.5,1.325
196.9,7.0,23,1.968,8.39,6.956
86.3,4.0,46,1.727,7.03,3.158
107.4,5.0,84,2.187,10.5,3.436
104.4,5.0,17,1.817,4.6,3.677
111.4,4.0,75,3.539,9.31,4.355
191.4,8.0,8,2.975,1.28,7.892
127.5,5.0,64,4.654,10.48,5.667
89.3,5.0,6,6.354,3.72,5.09
169.0,7.0,5,3.687,2.75,6.771
135.0,5.0,3,3.328,2.29,6.395
89.8,4.0,72,3.793,6.4,4.144
159.6,7.0,51,3.353,24.57,5.457
66.1,2.0,62,2.78,2.66,2.601
71.8,4.0,13,2.683,5.41,3.462
59.4,3.0,82,1.716,9.42,1.89
51.4,3.0,72,3.965,3.44,2.977
155.5,8.0,43,2.68,0.15,6.137
111.9,5.0,80,5.219,2.82,5.512
61.1,3.0,12,4.103,6.23,4.308
103.5,4.0,26,2.051,4.14,4.032
141.5,7.0,4,4.764,0.74,7.443
81.3,3.0,14,0.859,6.69,2.659
94.0,4.0,75,6.479,19.07,4.663
200.5,9.0,36,1.488,12.72,6.634
96.9,5.0,58,3.397,1.19,5.203
62.7,3.0,79,3.295,0.41,3.513
87.5,5.0,68,4.507,0.68,4.663
59.8,2.0,35,2.345,24.8,1.323
131.1,5.0,31,1.035,0.11,5.244
77.6,4.0,9,2.346,0.51,2.803
76.8,3.0,74,2.463,3.75,3.359
207.4,9.0,88,1.081,2.7,7.463
69.3,2.0,45,2.774,0.83,3.074
65.3,2.0,44,1.675,10.82,2.182
73.0,2.0,76,3.64,8.11,3.453
143.0,6.0,30,2.433,7.04,5.133
125.1,5.0,36,6.57,1.33,7.38
87.1,4.0,80,2.422,2.25,3.832
84.5,5.0,34,3.299,1.8,4.322
121.8,6.0,83,2.47,0.53,5.157
113.3,4.0,14,1.309,4.02,4.42
99.0,5.0,44,2.479,3.74,5.096
126.6,6.0,44,3.815,0.1,6.266
71.4,3.0,27,3.564,16.73,3.278
78.0,4.0,86,2.382,20.28,2.398
128.9,6.0,43,1.411,0.51,5.685
116.5,5.0,79,3.633,24.73,3.416
50.2,2.0,19,3.283,43.16,0.2
105.9,6.0,31,3.973,10.36,4.993
204.6,9.0,43,2.403,1.44,8.271
136.2,5.0,50,1.274,20.21,2.946
88.0,4.0,20,3.456,0.01,4.593
80.2,3.0,28,2.707,6.55,3.416
118.4,4.0,55,5.085,17.75,5.295
155.3,7.0,25,2.754,10.77,6.142
57.0,4.0,68,2.663,0.49,2.454
115.4,5.0,42,3.28,24.84,3.503
93.5,4.0,87,2.078,14.63,2.712
111.9,4.0,21,2.033,3.28,4.728
63.8,3.0,75,2.601,3.41,3.072
155.3,7.0,44,1.796,1.74,5.808
170.4,7.0,7,2.452,9.36,6.516
131.8,6.0,63,6.507,4.76,6.695
183.0,8.0,19,4.346,2.88,8.875
92.0,3.0,12,3.122,6.85,4.266
114.5,5.0,47,5.464,2.24,6.447
132.5,7.0,70,1.875,5.93,5.505
118.9,5.0,23,8.337,3.29,7.986
95.9,4.0,56,2.21,0.62,4.101
99.4,4.0,1,6.697,1.18,6.336
164.7,8.0,16,6.684,0.24,9.28
104.1,4.0,67,1.235,0.91,3.845
152.1,7.0,1,5.26,1.31,7.424
102.3,4.0,32,2.392,15.14,4.276
151.7,7.0,45,2.105,0.26,5.816
107.9,5.0,5,3.442,1.97,4.64
128.6,5.0,88,1.727,9.0,4.692
83.4,5.0,45,3.407,9.57,3.626
114.4,4.0,30,1.78,14.82,3.857
83.9,4.0,87,2.944,9.81,4.02
91.2,5.0,50,4.958,4.79,4.598
93.7,5.0,61,3.235,0.0,4.607
98.8,4.0,8,2.312,0.1,4.965
145.4,6.0,14,3.468,0.76,6.781
90.0,4.0,4,1.444,28.47,2.044
110.4,5.0,46,1.864,3.74,5.178
151.9,7.0,75,2.24,20.05,4.869
127.7,5.0,81,3.873,12.48,5.24
57.4,2.0,51,3.263,19.39,2.639
63.3,2.0,4,3.458,4.78,3.735
119.7,5.0,56,2.685,6.66,5.238
88.5,5.0,57,1.907,4.81,3.283
60.6,2.0,53,5.31,0.35,4.643
86.4,3.0,64,1.986,4.26,3.394
121.2,5.0,50,3.282,16.17,4.284
93.3,5.0,63,2.585,26.0,2.829
106.8,5.0,43,3.502,6.89,4.861
96.1,4.0,13,2.07,8.71,4.374
82.5,3.0,7,4.365,9.16,4.354
113.7,5.0,81,5.054,2.86,5.515
58.6,3.0,39,4.247,7.4,3.075
79.1,5.0,29,2.918,0.89,4.1
136.0,7.0,26,2.235,0.73,5.308
63.9,3.0,4,9.679,24.45,4.899
105.0,4.0,85,1.74,14.04,3.145
90.9,3.0,7,4.041,2.55,4.577
88.0,5.0,19,3.157,0.71,4.798
140.6,7.0,41,2.643,1.17,5.755
150.3,7.0,32,2.954,7.75,5.222
72.9,4.0,3,2.161,6.54,2.646
41.5,2.0,29,3.294,19.28,1.689
99.1,5.0,70,3.135,0.65,4.458
53.9,3.0,22,9.07,1.5,5.447
137.8,6.0,77,4.401,16.38,6.229
103.1,4.0,32,3.429,6.82,4.87
62.5,3.0,1,3.522,0.18,3.786
80.3,4.0,9,6.22,2.3,5.597
70.8,3.0,72,1.756,4.48,2.626
78.8,4.0,36,2.504,0.81,3.34
55.4,2.0,88,1.152,1.73,2.326
164.0,8.0,70,3.495,21.26,6.196
73.8,4.0,2,3.982,4.3,3.528
104.9,4.0,28,1.737,7.83,3.906
120.9,5.0,65,5.185,7.73,5.953
150.4,7.0,5,1.967,2.51,5.954
106.1,4.0,89,2.33,10.64,4.452
95.6,4.0,14,2.869,10.88,4.627
107.6,5.0,71,5.57,4.41,5.655
72.8,5.0,75,1.847,12.07,2.513
74.7,3.0,45,3.099,0.99,3.636
94.9,5.0,72,3.852,1.79,4.571
49.6,2.0,79,3.511,1.53,2.577
83.0,3.0,66,3.57,7.46,3.924
89.0,4.0,63,3.829,2.19,5.178
193.3,8.0,34,2.118,1.31,8.039
157.4,7.0,26,5.81,2.88,8.174
120.7,4.0,78,2.586,8.12,3.623
139.0,6.0,20,2.436,0.41,5.229
74.5,4.0,37,4.985,0.72,5.139
108.6,5.0,46,2.047,5.78,4.815
133.0,7.0,35,3.14,0.73,6.252
74.7,4.0,33,1.963,6.24,2.991
63.3,3.0,53,8.446,13.96,5.485
116.3,5.0,29,7.682,5.65,7.356
65.6,3.0,88,2.587,20.84,2.287
124.5,5.0,16,3.435,1.29,5.09
149.5,7.0,35,2.725,1.58,6.436
75.5,4.0,76,2.324,2.47,3.959
77.4,5.0,42,2.869,8.63,3.71
147.9,7.0,63,2.669,7.02,6.137
106.3,4.0,58,1.371,6.46,3.679
140.9,5.0,29,3.06,3.19,5.934
96.0,4.0,66,2.667,2.11,4.662
98.5,5.0,21,3.128,0.21,4.631
105.4,5.0,67,2.625,3.58,4.191
178.4,8.0,11,2.311,5.22,6.827
137.0,6.0,62,4.03,2.04,6.282
82.1,4.0,10,3.455,9.1,3.35
111.3,4.0,78,5.095,4.01,5.814
93.8,5.0,56,3.396,1.11,4.595
88.0,3.0,3,2.487,7.2,3.975
123.3,6.0,9,3.588,0.89,5.203
114.8,5.0,16,1.115,6.71,4.378
75.8,3.0,86,7.005,5.9,5.555
105.5,5.0,53,3.076,11.52,4.399
87.2,4.0,25,7.265,9.46,5.706
120.6,6.0,24,1.838,36.39,3.19
85.9,5.0,2,1.644,34.13,2.306
98.7,5.0,18,3.205,1.49,5.024
88.8,4.0,76,3.2,12.83,3.721
58.0,4.0,53,3.165,1.0,3.951
175.1,8.0,33,2.955,4.08,7.432
105.1,6.0,1,2.049,4.63,4.233
177.3,8.0,30,1.393,0.12,7.224
106.7,4.0,34,3.088,11.27,4.214
130.9,6.0,10,1.526,1.25,5.23
83.9,4.0,54,1.463,0.95,3.42
84.6,4.0,59,2.29,9.41,3.588
103.1,5.0,89,3.3,9.0,4.894
176.8,9.0,32,6.649,5.55,8.922
76.6,3.0,24,4.224,14.93,4.173
53.8,1.0,74,5.181,2.54,3.675
146.7,8.0,31,3.648,2.05,7.246
133.7,6.0,56,3.206,2.63,5.861
90.5,4.0,66,8.395,14.45,5.669
201.8,8.0,79,1.499,2.23,7.912
205.1,9.0,28,2.257,9.24,7.377
56.8,2.0,56,2.338,16.3,1.563
83.3,3.0,11,4.064,0.39,4.18
102.9,4.0,70,1.75,4.17,4.267
119.5,6.0,4,3.833,11.03,5.878
113.4,7.0,62,3.528,2.45,5.567
104.9,5.0,18,3.92,1.41,5.011
72.9,4.0,41,3.888,13.06,3.466
124.6,5.0,6,5.432,16.91,5.638
127.0,6.0,61,2.659,1.34,5.042
143.0,7.0,43,3.451,3.54,6.128
69.6,3.0,59,1.951,26.18,1.698
97.4,4.0,31,1.761,8.3,3.361
89.0,5.0,0,6.014,9.38,5.517
69.2,4.0,52,1.886,26.53,0.985
96.9,4.0,62,3.628,7.86,4.887
74.0,3.0,59,3.452,2.88,3.589
65.7,3.0,23,4.612,0.06,4.614
134.3,5.0,64,1.289,6.31,4.639
90.3,4.0,48,4.059,10.46,4.338
82.0,4.0,18,2.648,2.54,3.51
155.3,7.0,10,2.075,3.77,5.9
128.3,6.0,29,2.428,0.09,5.283
52.1,3.0,2,4.334,9.1,3.329
119.8,6.0,64,3.777,33.14,4.233
119.6,5.0,1,2.566,0.38,5.468
95.5,4.0,4,1.628,11.26,3.072
94.3,5.0,14,1.681,1.0,4.101
60.0,4.0,29,3.815,9.96,3.255
200.9,9.0,1,1.53,4.37,7.407
96.8,5.0,56,2.578,29.62,2.656
117.6,6.0,11,9.084,9.97,7.96
98.5,4.0,72,3.343,28.29,2.703
82.4,5.0,50,3.796,9.97,3.861
137.9,7.0,7,1.686,12.78,5.284
110.1,6.0,36,1.565,0.32,4.729
97.0,5.0,12,3.889,17.95,4.584
117.1,7.0,88,2.394,32.14,3.653
101.6,4.0,53,4.61,20.7,3.671
181.8,9.0,72,2.899,2.42,7.507
136.2,7.0,33,13.469,12.1,9.952
123.6,7.0,13,2.198,27.96,3.388
62.2,3.0,21,3.238,11.68,2.622
125.1,6.0,37,1.901,8.06,4.592
124.0,7.0,69,4.524,11.81,5.509
74.5,3.0,38,3.467,1.31,3.711
61.7,3.0,83,1.845,5.6,2.37
134.3,5.0,32,2.465,13.51,5.655
140.1,6.0,20,5.272,7.07,6.187
84.7,3.0,44,4.994,5.7,5.03
83.5,4.0,10,1.505,7.58,3.161
109.5,7.0,60,2.306,4.86,4.477
90.2,5.0,9,6.454,18.89,4.335
61.3,2.0,57,2.637,0.15,3.297
74.2,4.0,34,3.088,5.63,3.118
116.1,6.0,32,4.514,1.47,6.308
75.5,3.0,54,1.561,3.65,3.503
142.6,7.0,63,1.863,1.36,5.173
123.3,6.0,83,2.458,11.45,4.916
117.7,4.0,26,4.889,4.8,5.828
108.7,4.0,73,4.499,19.04,3.598
81.2,4.0,75,3.931,21.47,2.675
129.1,6.0,89,2.671,14.41,4.637
80.5,3.0,86,4.727,13.91,3.863
145.4,6.0,71,2.655,7.68,4.979
171.2,8.0,26,3.688,5.69,7.322
109.9,6.0,62,4.286,12.53,5.234
162.9,7.0,70,6.102,2.58,8.389
74.5,5.0,26,2.772,9.04,3.293
123.8,5.0,73,2.415,0.41,5.238
104.1,5.0,63,5.093,7.97,5.659
135.1,6.0,44,5.272,2.44,7.12
53.0,3.0,77,2.227,10.34,2.335
132.3,5.0,7,1.729,9.94,4.763
83.7,5.0,61,4.921,7.44,4.602
105.8,4.0,70,1.358,5.45,3.753
199.6,9.0,3,1.327,1.97,7.268
125.2,6.0,36,2.52,7.33,5.416
119.6,6.0,46,2.847,0.16,4.86
116.3,6.0,18,1.687,4.05,4.477
150.8,7.0,79,3.004,4.84,6.095
136.7,6.0,56,3.065,0.84,6.09
116.7,6.0,24,2.19,2.76,5.177
111.9,6.0,39,6.787,14.46,6.629
109.4,4.0,10,3.298,19.33,4.074
102.2,6.0,7,4.517,4.69,5.257
69.3,3.0,67,1.412,34.54,0.683
124.3,5.0,88,1.406,2.95,4.321
86.4,3.0,24,3.344,9.01,4.002
98.1,4.0,22,6.263,1.11,5.713
139.9,5.0,61,1.726,33.13,3.281
103.0,4.0,45,2.899,6.48,4.873
100.3,4.0,12,1.559,5.06,3.902
110.0,4.0,60,1.967,7.05,3.634
94.0,5.0,18,2.965,22.47,3.214
198.0,9.0,10,2.178,16.83,6.168
187.7,8.0,41,1.511,3.38,6.882
185.8,8.0,66,1.495,2.42,7.375
116.4,6.0,46,1.163,0.45,4.11
84.6,4.0,58,3.368,16.89,2.779
141.2,6.0,21,3.557,2.0,6.125
94.2,4.0,44,3.549,2.72,4.886
145.6,7.0,64,1.806,3.27,6.165
83.3,3.0,47,4.275,0.96,4.695
119.3,5.0,21,3.736,3.75,5.101
152.8,7.0,85,2.727,11.62,5.607
95.9,5.0,6,2.533,8.27,4.724
95.8,4.0,81,2.03,5.05,3.532
63.7,3.0,65,2.964,8.24,2.898
84.2,3.0,10,5.628,13.65,4.643
115.7,5.0,22,4.536,0.98,5.424
121.6,5.0,33,2.422,4.37,5.293
127.6,7.0,86,3.464,4.14,5.934
56.3,3.0,46,1.656,8.87,1.38
94.3,4.0,23,3.775,0.37,4.429
66.0,4.0,82,1.87,13.29,1.836
113.7,5.0,10,3.708,2.68,5.741
60.0,4.0,73,10.341,2.56,6.226
71.8,3.0,74,2.103,3.51,3.095
135.9,5.0,34,10.128,4.68,8.753
87.3,4.0,3,3.39,16.25,3.662
163.4,7.0,79,1.94,1.16,6.404
128.8,5.0,87,1.9,1.34,4.986
96.1,6.0,34,7.879,19.39,5.843
143.3,7.0,16,3.393,19.86,5.525
98.8,5.0,24,2.107,13.83,3.662
133.2,6.0,12,2.48,0.94,5.654
82.8,3.0,54,3.3,4.0,3.722
146.2,7.0,46,2.708,2.22,6.786
61.7,2.0,32,3.176,0.32,3.219
71.8,2.0,58,6.038,3.55,5.145
75.7,3.0,56,1.636,40.94,0.447
85.6,5.0,1,3.633,6.58,4.689
117.1,5.0,36,2.631,3.37,5.574
104.8,5.0,77,2.172,1.26,4.219
133.7,6.0,71,4.404,0.14,6.188
153.6,8.0,76,1.408,1.47,5.659
59.7,2.0,85,0.937,0.88,2.052
160.2,8.0,5,3.007,8.47,6.703
98.1,4.0,24,2.554,2.37,4.319
184.5,9.0,41,1.479,9.58,6.394
81.6,3.0,45,1.259,23.47,2.471
54.5,2.0,70,6.48,5.87,4.087
129.3,6.0,65,3.348,2.15,5.499
126.5,5.0,63,2.742,2.7,5.507
72.4,2.0,14,7.3,10.24,5.323
74.7,3.0,60,4.306,0.54,4.761
137.2,6.0,71,6.027,1.1,7.872
119.0,5.0,67,1.598,6.98,4.323
94.8,4.0,52,1.572,8.4,3.219
123.1,4.0,7,3.588,16.42,4.108
115.0,5.0,13,3.276,15.6,4.207
77.2,4.0,66,4.77,1.23,4.679
140.8,7.0,78,1.305,3.92,4.689
131.3,6.0,74,3.731,0.39,5.462
105.6,5.0,38,4.243,1.79,5.44
137.2,6.0,52,4.142,4.73,6.481
193.0,9.0,15,2.264,4.66,7.463
74.4,5.0,53,3.433,3.25,4.284
96.2,4.0,17,1.917,4.89,4.084
97.8,6.0,71,2.383,5.06,4.541
136.2,6.0,70,1.7,4.7,5.769
85.3,3.0,4,1.932,19.53,3.516
133.5,6.0,84,2.439,1.85,5.633
88.6,4.0,71,2.179,4.91,3.379
71.7,5.0,34,1.932,5.6,3.17
107.7,5.0,40,1.515,6.05,4.54
88.0,3.0,7,6.57,0.55,5.581
111.3,4.0,84,2.17,22.85,3.594
120.2,6.0,9,3.153,15.82,4.7
61.0,3.0,83,1.232,4.2,2.24
91.3,4.0,58,5.008,2.17,4.827
107.7,4.0,82,2.931,7.67,3.778
137.4,5.0,33,2.226,14.49,4.625
131.6,7.0,80,2.235,32.3,3.992
79.3,4.0,38,4.02,0.34,4.251
99.4,5.0,31,0.72,1.19,4.275
122.3,7.0,30,1.876,15.16,4.123
97.1,6.0,85,2.576,13.85,3.248
81.8,4.0,41,2.563,0.91,3.958
103.5,5.0,43,8.393,27.15,5.917
118.4,5.0,57,2.335,33.93,3.005
76.9,3.0,50,4.244,19.0,3.29
126.8,5.0,48,6.143,6.64,7.139
109.8,4.0,34,3.676,6.24,4.952
128.4,5.0,14,2.007,0.43,5.108
102.7,5.0,89,1.525,17.68,2.554
182.1,7.0,44,3.802,15.07,7.379
117.6,7.0,87,5.699,3.1,6.25
133.3,6.0,41,3.475,21.17,4.735
126.6,7.0,53,4.735,1.99,6.807
99.0,4.0,49,8.727,1.73,7.795
114.1,4.0,86,3.962,12.93,4.654
86.0,5.0,9,1.657,9.2,3.288
177.2,9.0,46,2.781,3.49,7.253
122.0,5.0,13,5.036,17.39,5.271
80.3,3.0,78,2.43,13.84,2.595
162.4,7.0,47,5.353,2.21,7.679
100.6,4.0,83,2.638,14.32,3.814
139.8,6.0,24,3.16,7.88,5.735
60.5,3.0,14,2.321,4.63,3.362
151.8,6.0,56,2.921,12.98,5.545
120.3,5.0,13,2.991,0.16,5.365
78.2,4.0,33,1.318,1.67,3.635
119.6,5.0,28,2.228,6.33,4.706
170.7,8.0,19,1.561,6.44,6.277
86.8,3.0,11,2.263,6.53,3.558
86.4,4.0,59,1.901,3.36,4.003
98.5,5.0,68,4.286,5.56,4.985
107.4,4.0,35,4.308,17.95,4.86
142.9,7.0,25,3.498,2.23,6.386
122.6,6.0,14,1.537,3.43,5.207
98.5,5.0,60,2.601,3.93,4.331
115.7,5.0,72,1.483,8.21,4.268
180.7,8.0,49,2.544,3.53,7.458
129.7,6.0,38,3.638,0.74,5.721
101.9,4.0,58,4.248,1.22,5.168
97.5,5.0,82,3.363,2.99,4.866
113.5,5.0,89,4.789,4.19,5.942
142.3,8.0,17,3.055,35.58,4.841
82.9,4.0,42,2.447,38.34,1.636
135.6,5.0,78,4.028,21.01,5.447
101.2,5.0,56,4.087,18.8,3.894
106.1,5.0,73,2.147,5.7,3.593
231.5,9.0,89,3.224,2.36,8.88
130.9,7.0,9,2.381,12.21,5.489
88.8,4.0,55,1.101,24.22,1.587
120.2,6.0,47,3.314,7.32,4.675
144.8,6.0,25,1.518,6.99,4.625
131.4,6.0,58,3.151,3.02,5.924
51.8,3.0,9,1.362,4.4,1.72
39.5,3.0,44,1.966,8.73,1.921
104.7,5.0,37,2.236,1.4,4.4
121.9,6.0,35,4.668,19.5,4.899
118.7,7.0,55,2.138,1.44,4.706
91.1,4.0,84,1.676,14.81,2.816
132.2,5.0,85,3.203,1.17,5.332
152.1,6.0,63,2.465,3.95,5.9
61.6,4.0,29,3.88,19.85,2.906
59.9,3.0,86,1.724,26.0,1.242
119.8,6.0,89,2.989,21.24,4.357
135.9,6.0,76,8.259,2.87,8.095
86.9,4.0,78,2.441,5.74,3.161
52.7,2.0,73,2.957,14.67,2.141
105.3,5.0,68,1.287,34.33,2.235
119.3,5.0,65,1.852,0.86,4.636
95.9,5.0,57,3.343,0.06,4.649
146.0,7.0,58,2.343,7.77,6.444
116.9,5.0,35,3.584,0.62,5.089
83.9,3.0,79,3.291,11.66,3.516
86.7,3.0,57,1.502,15.61,2.838
106.0,7.0,55,4.293,5.73,5.269
93.8,5.0,66,1.554,4.55,3.517
58.7,4.0,6,1.927,25.76,1.399
113.5,5.0,82,3.014,14.45,4.168
87.4,4.0,52,5.502,4.29,5.427
92.1,4.0,84,1.73,11.95,2.901
74.2,2.0,9,2.905,17.14,3.798
172.3,7.0,21,2.916,5.13,6.771
128.3,7.0,85,3.654,8.46,5.968
187.5,9.0,62,4.631,16.79,7.723
95.8,4.0,58,2.266,11.91,3.464
130.8,6.0,36,4.286,2.9,6.768
114.2,6.0,50,4.946,3.13,5.424
85.0,3.0,49,6.066,11.44,4.905
95.4,4.0,17,3.407,6.35,4.177
128.2,6.0,50,2.918,14.1,4.681
74.2,4.0,46,2.196,10.69,2.699
146.5,7.0,28,1.41,12.74,4.656
111.1,5.0,30,2.399,8.38,3.811
139.9,6.0,69,2.859,17.2,5.031
119.4,5.0,60,2.588,7.3,4.646
61.7,2.0,42,3.557,0.49,3.39
104.7,5.0,54,1.413,3.92,4.192
147.6,7.0,21,2.505,20.51,5.24
110.6,4.0,44,6.67,1.74,6.424
105.6,5.0,50,4.255,14.12,5.703
110.5,6.0,22,3.587,5.09,5.613
57.4,1.0,15,3.241,2.08,3.971
152.9,7.0,47,2.306,1.4,6.048
48.9,3.0,84,1.235,16.64,1.135
163.9,8.0,41,3.339,15.97,5.825
93.6,3.0,81,0.903,6.71,2.731
122.2,6.0,76,2.348,7.74,4.47
55.9,2.0,67,2.714,9.44,3.353
135.4,7.0,80,2.223,14.26,4.484
127.6,5.0,37,7.222,5.03,7.146
125.0,6.0,68,6.178,9.98,5.87
55.2,2.0,13,4.327,1.2,3.906
81.3,4.0,28,1.792,6.48,2.911
119.6,5.0,50,6.454,3.09,7.029
151.5,7.0,3,3.591,2.33,6.222
77.5,3.0,68,1.779,11.84,2.461
78.2,4.0,83,2.759,2.62,2.932
117.0,5.0,9,4.184,5.86,5.434
223.4,9.0,89,2.076,12.51,7.51
85.5,5.0,7,2.896,4.07,3.985
93.2,4.0,11,3.134,2.0,4.347
88.8,4.0,68,1.656,0.93,3.901
101.3,5.0,61,2.407,16.2,4.267
155.6,7.0,84,1.714,11.97,5.345
103.1,6.0,38,4.018,7.29,4.73
231.7,9.0,51,1.806,0.87,8.609
109.2,6.0,13,3.1,1.69,5.115
160.9,7.0,62,1.454,0.87,6.332
95.4,5.0,89,1.632,0.42,3.917
69.3,3.0,53,1.597,14.45,1.528
103.0,6.0,83,2.386,1.98,4.818
125.6,6.0,35,2.948,0.96,5.956
81.6,3.0,88,3.203,15.68,3.479
151.9,6.0,48,1.224,2.8,5.288
90.2,4.0,12,2.52,20.76,3.13
74.2,3.0,32,1.939,10.62,2.28
214.7,9.0,44,3.457,2.99,8.704
80.2,2.0,6,2.41,0.39,3.822
89.3,3.0,80,2.621,1.97,3.558
132.6,7.0,21,1.944,3.46,5.52
94.4,4.0,60,5.907,2.36,5.646
75.1,5.0,82,1.526,0.87,3.001
86.5,4.0,39,2.271,2.84,4.258
192.0,9.0,54,2.853,2.52,7.676
127.1,5.0,46,2.428,2.81,5.2
135.6,6.0,68,1.928,7.87,4.398
115.1,7.0,3,1.203,22.3,3.666
121.6,7.0,32,1.991,4.5,4.82
92.1,4.0,55,1.765,0.68,4.11
110.3,4.0,8,5.787,12.96,5.126
53.8,2.0,77,7.532,7.7,4.624
144.3,6.0,56,2.657,1.53,5.166
91.8,5.0,0,1.445,8.5,3.709
71.2,4.0,1,3.789,9.73,3.672
112.4,5.0,14,1.748,1.2,4.771
98.9,4.0,59,2.123,3.25,3.762
142.6,8.0,46,2.048,5.54,5.31
103.8,4.0,43,2.17,3.72,4.022
85.9,4.0,50,2.317,0.98,3.907
104.6,5.0,44,1.505,17.1,3.415
167.4,7.0,30,1.982,1.4,6.657
144.2,6.0,0,4.302,0.69,6.612
127.0,5.0,2,2.678,6.61,5.854
146.4,8.0,62,2.876,27.93,4.838
130.3,7.0,66,0.995,10.95,4.059
78.4,4.0,21,4.164,4.67,4.489
136.0,6.0,21,1.997,4.64,5.425
152.4,7.0,36,4.508,7.84,6.765
155.4,7.0,58,2.914,15.95,5.522
73.1,3.0,53,2.111,25.97,2.077
89.4,4.0,50,1.278,1.04,4.079
85.1,4.0,3,7.233,1.41,5.479
95.1,4.0,38,3.902,4.8,5.081
122.5,5.0,67,4.008,6.76,5.413
111.5,5.0,53,6.162,11.72,5.885
111.5,5.0,72,3.007,5.51,5.152
67.0,3.0,62,4.996,8.57,2.927
88.3,5.0,80,2.192,16.25,3.225
159.4,6.0,51,3.788,14.53,6.581
152.2,8.0,51,2.047,12.18,5.27
103.2,5.0,50,2.167,0.71,3.941
136.1,7.0,23,2.84,15.92,5.728
118.8,6.0,39,1.537,4.78,3.919
141.2,6.0,15,3.153,0.72,6.419
138.2,6.0,38,2.362,1.28,6.057
105.9,4.0,13,1.111,3.12,4.057
127.3,6.0,44,2.212,3.66,5.336
121.4,6.0,85,2.327,7.51,4.527
106.8,4.0,40,3.99,41.39,2.999
99.3,5.0,66,3.091,2.06,4.336
182.3,7.0,39,5.214,10.52,7.665
106.9,5.0,81,3.435,11.39,4.358
133.2,7.0,18,2.119,18.51,4.069
177.2,8.0,75,2.648,3.99,7.13
127.2,5.0,65,2.324,8.2,3.842
125.3,5.0,79,3.386,2.09,5.568
107.1,3.0,11,2.792,3.05,4.763
122.2,5.0,80,2.049,2.28,4.452
96.6,5.0,81,2.729,10.72,3.328
243.2,9.0,26,3.345,18.77,8.507
67.5,3.0,56,1.728,6.69,2.761
101.4,3.0,52,3.135,1.47,4.637
127.9,5.0,4,1.336,12.3,3.895
125.3,7.0,47,4.471,11.79,5.753
96.6,5.0,59,3.446,0.82,4.854
60.1,2.0,18,5.659,22.24,3.258
70.9,3.0,32,1.645,4.77,2.468
114.1,5.0,52,4.527,0.27,5.89
54.8,2.0,83,4.142,11.97,3.018
130.9,5.0,5,2.504,1.66,5.724
156.7,7.0,84,2.294,22.64,5.022
138.8,7.0,73,1.668,1.53,5.946
148.2,7.0,76,1.483,7.06,5.285
55.4,3.0,4,1.939,12.51,1.833
97.8,3.0,51,1.545,0.61,3.456
76.4,4.0,33,5.574,22.12,3.883
63.1,3.0,82,1.383,14.4,1.179
91.2,4.0,66,2.907,0.51,4.121
175.6,8.0,58,3.307,23.46,6.24
192.9,8.0,2,3.193,2.63,8.429
79.6,2.0,78,3.321,14.72,2.386
109.4,6.0,44,4.162,21.41,4.448
121.6,6.0,14,2.224,7.31,4.85
98.1,3.0,78,2.828,0.49,4.246
160.6,8.0,81,2.382,17.77,5.51
91.7,4.0,44,4.885,32.84,3.27
86.7,4.0,59,6.993,4.37,6.217
80.9,3.0,54,1.588,3.77,3.496
97.8,5.0,27,1.09,1.59,4.572
43.7,1.0,67,3.512,12.69,1.977
99.4,4.0,89,4.4,7.49,4.492
111.6,6.0,84,6.558,1.07,6.281
49.5,2.0,61,3.789,2.29,2.866
114.0,5.0,32,5.094,2.9,6.26
75.0,4.0,81,5.738,0.02,5.289
113.2,5.0,83,5.255,6.28,5.89
112.5,5.0,0,4.041,0.83,5.51
113.3,5.0,30,1.527,8.52,3.824
139.7,5.0,49,2.708,3.28,6.303
36.7,2.0,52,3.111,2.13,2.116
74.0,3.0,64,2.599,5.21,3.676
98.4,5.0,46,2.672,0.48,4.685
58.8,3.0,1,5.503,1.97,4.223
135.3,6.0,14,1.934,1.16,5.108
77.6,2.0,68,3.895,16.66,2.809
147.1,7.0,62,3.134,15.1,5.657
149.0,6.0,58,1.848,3.42,5.265
101.6,5.0,39,1.675,0.54,4.758
99.9,3.0,24,1.264,10.32,3.137
65.7,2.0,27,3.382,4.81,3.58
108.2,6.0,62,2.642,2.9,4.95
139.3,7.0,45,1.875,1.62,6.153
118.0,5.0,11,1.169,2.49,4.319
167.5,7.0,35,3.303,22.32,5.908
94.7,4.0,74,2.514,7.74,3.201
94.6,4.0,53,1.972,5.84,3.68
79.3,3.0,77,1.762,6.74,3.219
206.2,9.0,45,2.442,0.63,8.223
65.5,3.0,43,3.359,15.48,3.544
135.9,6.0,85,2.343,4.42,5.427
140.3,5.0,45,1.592,12.98,4.378
138.2,6.0,12,2.648,3.81,5.942
81.4,4.0,36,4.351,5.16,3.915
69.0,3.0,58,2.768,5.21,2.852
101.6,4.0,31,2.803,0.21,4.227
129.2,6.0,36,2.348,3.24,5.319
87.2,5.0,78,1.821,0.63,3.665
96.9,5.0,39,1.794,28.69,2.859
87.7,5.0,27,1.287,4.69,3.387
110.7,5.0,9,4.625,11.45,4.928
108.3,6.0,36,3.347,9.92,5.28
178.2,8.0,68,2.821,5.71,5.93
130.1,6.0,26,3.105,12.7,5.169
70.1,3.0,42,3.167,13.85,2.966
71.9,4.0,59,1.953,8.04,2.793
136.7,7.0,83,2.348,1.2,5.768
107.9,5.0,73,2.196,4.14,4.323
201.5,9.0,25,8.416,2.71,10.826
201.3,9.0,14,4.302,26.52,7.198
79.2,4.0,60,2.932,1.15,3.355
118.6,6.0,22,5.026,8.22,5.942
72.2,4.0,35,4.749,13.53,3.47
135.9,6.0,9,1.46,2.91,4.988
187.5,9.0,69,2.459,0.28,7.926
113.1,5.0,14,2.698,2.88,5.522
93.6,4.0,34,3.579,4.36,4.901
122.7,6.0,36,2.458,1.88,5.585
145.5,6.0,3,2.6,4.61,5.989
145.9,7.0,69,2.209,9.08,5.745
93.9,3.0,55,4.358,12.95,4.267
86.5,4.0,48,1.42,0.41,4.18
116.5,5.0,16,2.243,8.83,4.188
96.0,4.0,4,1.186,5.64,3.774
160.6,7.0,5,1.71,7.1,5.54
95.6,4.0,56,3.135,3.59,4.557
110.3,4.0,67,3.162,26.58,2.748
121.7,6.0,71,2.361,0.6,4.687
66.2,2.0,72,4.508,2.14,3.389
88.9,6.0,35,4.999,3.2,5.393
198.2,9.0,0,2.635,6.33,7.956
143.4,6.0,22,3.043,25.69,5.619
95.2,4.0,70,2.217,1.89,3.908
136.1,7.0,68,3.604,4.94,6.246
159.7,7.0,45,1.588,10.62,5.585
100.0,4.0,2,6.099,0.69,6.417
141.0,7.0,69,4.54,5.89,6.534
134.1,6.0,73,1.585,14.51,4.678
72.5,4.0,20,1.906,13.38,2.262
100.2,5.0,72,3.286,4.48,3.672
179.9,8.0,57,2.334,15.03,6.424
196.1,9.0,79,3.473,1.39,7.494
143.8,5.0,56,2.312,0.12,6.182
87.9,3.0,8,5.399,3.83,4.974
50.6,2.0,58,2.728,0.76,2.345
84.1,5.0,9,8.079,4.58,7.393
69.4,4.0,23,3.565,2.72,3.906
184.8,9.0,78,1.481,26.51,5.314
58.4,2.0,87,6.951,1.36,4.953
73.2,3.0,42,4.457,4.01,4.437
115.6,5.0,26,3.225,9.01,5.275
107.6,4.0,35,3.636,3.42,4.533
176.7,9.0,21,1.592,18.14,6.111
131.2,6.0,51,1.207,19.0,3.753
102.6,5.0,37,2.668,4.7,4.127
161.7,8.0,5,5.055,1.24,8.008
94.3,3.0,54,3.248,19.79,2.613
181.9,8.0,57,5.866,4.32,8.892
80.4,3.0,60,4.926,8.13,4.16
41.8,2.0,85,2.744,2.11,2.093
106.3,4.0,63,4.631,23.48,4.044
52.8,2.0,60,5.393,6.58,3.558
146.4,7.0,19,2.622,51.9,3.621
113.4,5.0,41,2.469,0.96,4.509
182.1,8.0,39,2.896,3.4,7.232
99.0,5.0,86,0.918,13.69,2.743
65.9,2.0,42,3.084,0.85,3.013
125.5,6.0,61,3.759,0.19,5.976
89.7,4.0,48,2.901,8.13,3.545
139.0,6.0,5,3.174,0.77,5.762
81.0,3.0,84,2.666,12.96,3.059
170.1,8.0,60,1.107,19.88,5.669
110.3,6.0,20,5.744,5.9,6.196
102.8,5.0,5,2.304,1.0,4.603
166.0,7.0,84,2.059,5.08,6.061
147.2,7.0,27,5.008,8.12,6.733
84.6,4.0,1,4.222,24.83,3.833
145.7,7.0,55,3.074,1.18,6.335
135.2,6.0,1,3.843,0.02,5.737
104.7,6.0,19,1.616,1.47,4.844
141.5,6.0,80,2.621,4.17,5.909
169.8,9.0,3,4.868,0.4,8.54
105.7,4.0,67,2.004,2.61,3.165
105.9,5.0,55,1.735,3.04,4.153
103.9,6.0,27,2.816,1.0,5.25
83.5,4.0,25,2.846,4.05,4.054
105.4,6.0,42,3.638,2.63,5.264
101.5,4.0,47,1.462,1.66,4.208
99.5,5.0,80,0.863,4.32,3.444
99.0,6.0,23,4.115,9.76,5.286
73.1,2.0,53,1.67,8.09,2.543
152.3,6.0,61,2.066,7.3,5.567
88.8,3.0,1,1.018,21.9,2.478
173.3,8.0,80,4.307,0.65,7.598
78.0,2.0,89,3.182,3.79,3.046
187.6,9.0,7,3.125,1.04,8.025
95.8,5.0,23,3.116,17.49,3.941
146.3,8.0,70,1.076,13.08,5.091
113.1,6.0,72,1.745,16.34,3.955
69.9,3.0,14,2.218,4.75,3.091
71.1,4.0,82,1.941,3.72,2.875
86.4,4.0,29,2.406,3.47,3.624
94.0,4.0,26,3.037,7.31,4.212
106.9,4.0,32,4.275,7.69,4.446
121.2,5.0,60,1.396,10.33,4.014
102.2,5.0,18,2.707,2.95,5.633
119.0,6.0,48,3.744,15.2,4.346
125.6,4.0,6,1.793,17.01,4.067
100.7,4.0,13,2.492,2.16,4.573
134.4,6.0,69,3.353,5.82,5.814
144.8,7.0,34,2.732,8.95,5.402
126.7,7.0,71,3.682,5.98,5.837
129.2,6.0,66,2.837,37.63,3.164
115.5,5.0,89,2.362,15.77,3.325
157.1,6.0,12,1.604,3.08,6.254
107.7,5.0,84,3.038,2.47,4.946
86.9,3.0,80,2.843,2.09,3.464
108.7,6.0,39,1.739,2.29,4.281
70.3,4.0,12,3.532,0.53,3.896
67.7,2.0,12,4.809,12.15,3.083
145.0,7.0,45,2.02,0.35,6.166
174.3,9.0,0,1.959,1.64,7.372
96.8,5.0,8,1.927,16.17,3.252
145.5,5.0,47,1.277,4.06,5.098
59.3,2.0,50,6.699,12.97,4.097
56.3,2.0,77,2.221,6.94,2.291
158.6,8.0,87,1.847,1.56,5.637
126.9,6.0,24,1.637,3.47,5.13
107.8,3.0,29,2.283,4.72,3.811
184.7,8.0,17,1.988,11.42,6.879
102.8,5.0,20,5.192,1.63,5.47
76.2,4.0,39,1.55,21.21,1.58
64.8,3.0,89,1.36,2.58,2.396
108.7,5.0,80,3.484,9.18,4.541
115.4,5.0,82,2.59,7.4,4.492
100.7,5.0,40,2.459,17.16,3.226
146.7,7.0,59,3.497,2.79,6.481
167.4,8.0,65,2.891,6.81,6.72
96.4,5.0,21,2.662,11.58,4.32
59.3,3.0,41,1.444,6.43,2.304
119.3,6.0,49,1.283,8.0,3.99
158.2,7.0,33,1.983,6.44,5.488
96.6,3.0,42,1.669,23.0,1.925
129.2,6.0,39,3.068,26.07,4.37
74.4,3.0,5,1.21,2.52,3.244
118.3,6.0,69,2.223,5.55,4.349
130.0,5.0,81,2.515,5.79,5.05
119.4,7.0,67,2.67,10.71,4.653
202.4,9.0,84,3.253,4.12,8.285
173.5,8.0,38,2.347,6.65,6.975
137.2,6.0,5,2.013,3.25,4.734
152.9,8.0,24,4.759,8.07,7.469
118.0,5.0,76,2.354,5.42,4.659
106.2,6.0,12,5.148,7.89,5.517
93.2,4.0,49,2.348,0.87,3.909
73.9,5.0,0,2.698,6.75,3.639
176.5,8.0,29,2.554,3.64,6.892
205.4,9.0,10,3.016,17.03,7.21
109.6,4.0,10,2.25,1.59,4.397
110.2,5.0,14,2.838,14.59,3.888
131.9,7.0,48,5.413,0.73,7.468
103.0,5.0,62,4.358,0.45,5.394
76.9,4.0,25,4.371,10.53,4.811
69.7,3.0,73,1.486,1.64,2.858
202.7,9.0,35,1.598,0.01,7.945
61.8,4.0,66,2.998,3.44,2.841
121.0,5.0,47,3.845,5.1,5.389
64.2,3.0,65,2.152,2.01,2.899
104.6,5.0,88,1.986,5.98,3.699
96.3,5.0,89,5.09,5.7,4.918
67.3,3.0,52,3.701,11.24,3.309
133.5,6.0,86,4.376,14.81,5.614
75.2,3.0,63,2.229,11.24,2.224
64.6,3.0,24,2.151,10.3,2.651
138.5,6.0,84,4.166,8.72,6.085
96.4,5.0,13,2.415,6.12,3.954
83.9,5.0,42,2.065,0.25,3.62
141.5,7.0,13,1.802,10.26,5.382
74.0,3.0,70,2.16,2.45,2.224
59.8,2.0,80,4.03,0.84,3.477
163.4,9.0,73,1.378,0.29,6.865
192.0,8.0,9,3.608,1.15,7.329
103.7,5.0,24,1.976,1.54,4.701
40.8,2.0,30,2.473,0.5,2.618
103.3,4.0,10,2.545,10.73,3.536
144.3,6.0,47,2.461,6.0,5.791
157.5,7.0,3,2.389,1.26,6.903
76.6,3.0,55,2.226,5.74,2.684
98.0,4.0,51,2.102,0.19,3.902
117.8,6.0,53,4.923,13.74,5.441
141.4,6.0,82,2.749,5.39,5.89
136.2,6.0,70,2.569,5.66,5.152
128.6,6.0,23,2.034,1.83,5.278
157.4,8.0,51,2.262,5.7,5.92
106.2,5.0,72,2.037,4.94,4.127
177.1,9.0,76,3.836,14.24,7.326
89.8,3.0,57,1.936,2.46,3.587
136.9,7.0,7,0.989,16.41,4.255
94.0,4.0,39,2.791,25.0,2.889
104.2,5.0,77,2.397,4.74,3.933
109.7,5.0,6,2.088,27.12,2.831
92.3,3.0,53,4.097,17.08,4.157
159.8,6.0,48,0.794,6.19,5.882
95.5,4.0,20,5.525,8.3,4.627
107.8,5.0,30,4.369,5.41,5.56
131.4,5.0,87,2.049,10.11,4.809
235.3,9.0,53,2.219,0.34,8.482
133.0,5.0,84,3.411,5.3,5.306
111.0,5.0,42,3.452,0.3,5.095
56.8,2.0,76,2.044,29.85,1.434
103.3,5.0,55,1.313,18.51,3.538
87.0,5.0,82,7.037,1.53,5.635
97.5,5.0,29,4.18,1.83,4.67
93.4,6.0,34,2.917,4.14,4.72
130.9,5.0,3,2.942,8.56,5.516
102.6,4.0,20,3.595,7.78,5.064
80.4,4.0,12,3.794,2.56,4.028
146.4,6.0,16,1.063,3.67,5.56
71.6,4.0,27,2.321,1.22,3.235
109.3,5.0,78,2.215,1.67,4.681
103.6,6.0,34,2.528,2.06,4.691
122.2,6.0,74,3.845,20.8,5.236
158.0,8.0,73,1.215,17.31,5.071
249.3,9.0,88,1.481,9.31,8.205
111.0,5.0,45,2.0,9.01,4.157
86.6,4.0,76,2.914,3.95,3.812
83.9,3.0,37,3.953,0.52,4.073
83.8,5.0,56,5.664,5.94,5.755
120.6,6.0,72,2.39,0.69,5.644
53.1,2.0,12,3.95,0.01,3.499
70.3,4.0,5,3.742,1.87,4.384
120.7,5.0,14,3.469,6.01,6.082
149.0,5.0,64,2.689,12.65,5.698
149.3,7.0,42,2.271,4.16,5.816
112.7,4.0,25,1.683,10.57,3.854
142.2,6.0,69,1.634,0.72,4.802
158.9,7.0,1,3.178,3.36,7.104
95.0,5.0,15,2.653,10.02,4.419
153.2,8.0,42,2.255,2.32,6.699
63.0,3.0,82,3.666,13.6,3.002
69.7,4.0,67,2.484,0.29,3.525
96.9,4.0,61,1.802,32.18,1.674
60.6,3.0,63,2.411,19.85,1.932
131.6,5.0,28,3.933,13.16,5.196
90.4,5.0,40,1.715,2.94,3.932
103.9,4.0,79,2.987,0.33,4.339
38.6,2.0,65,2.651,2.11,2.388
105.2,4.0,53,1.93,8.74,4.231
96.1,4.0,7,2.382,5.85,4.188
83.6,4.0,65,1.34,0.87,3.394
129.5,6.0,32,2.856,0.83,6.031
89.8,5.0,34,1.471,14.24,3.586
104.7,5.0,60,4.404,3.68,5.226
122.6,5.0,35,2.608,3.53,5.281
158.5,7.0,51,2.102,4.86,6.573
154.0,8.0,1,4.583,24.73,6.388
92.4,5.0,16,1.709,16.15,2.408
82.2,3.0,48,1.942,28.59,1.543
169.9,7.0,86,1.193,19.0,5.254
89.7,4.0,68,4.9,5.4,4.639
127.7,6.0,37,6.314,6.55,7.355
59.6,2.0,87,1.28,7.18,2.477
52.7,3.0,24,1.883,5.93,2.129
110.9,4.0,80,2.805,7.87,3.916
100.0,5.0,36,2.155,8.42,3.795
138.9,7.0,7,2.68,12.63,5.28
83.9,3.0,0,2.578,5.14,4.267
119.4,5.0,88,3.265,10.74,4.293
136.3,6.0,57,1.764,5.37,5.312
85.0,4.0,13,2.964,26.05,3.235
96.9,4.0,89,1.645,8.96,3.519
73.8,3.0,3,2.258,8.13,3.245
140.6,5.0,30,1.244,4.44,4.935
130.0,6.0,67,2.266,1.37,5.938
133.4,6.0,4,2.101,0.91,5.51
99.9,5.0,81,4.156,1.48,5.386
129.3,6.0,61,2.647,16.73,4.486
43.3,2.0,85,2.872,1.49,1.759
102.8,5.0,75,2.691,16.31,3.523
180.4,9.0,74,1.043,4.41,6.346
107.9,6.0,20,1.107,13.21,3.534
150.8,7.0,18,2.355,7.19,5.691
100.1,4.0,21,3.081,7.7,4.542
166.4,6.0,13,2.446,11.07,6.354
82.2,4.0,59,1.843,3.27,3.235
124.5,6.0,5,2.44,0.61,5.387
87.3,4.0,38,2.346,8.43,3.129
117.7,4.0,52,3.86,3.75,5.404
89.8,3.0,48,3.764,6.74,4.633
107.8,5.0,43,2.119,9.39,4.535
94.0,4.0,20,2.658,2.02,4.086
134.6,7.0,9,3.078,4.32,6.665
126.3,6.0,88,3.291,3.39,5.308
86.3,5.0,41,5.718,0.64,5.205
85.5,4.0,53,2.684,4.72,3.282
79.9,4.0,51,4.599,9.21,3.813
75.0,2.0,33,1.613,0.06,3.196
137.7,5.0,65,2.04,4.13,5.053
78.5,3.0,33,1.04,3.31,2.63
121.0,6.0,37,2.91,6.9,4.802
91.4,5.0,72,3.638,1.15,4.242
149.3,7.0,28,0.861,2.01,5.162
196.3,8.0,62,2.959,8.76,7.764
40.4,1.0,59,3.568,4.53,3.06
81.8,4.0,2,3.477,5.82,4.795
90.9,4.0,61,1.587,7.63,3.46
101.0,7.0,72,3.849,0.77,5.097
99.0,4.0,24,2.73,8.11,3.862
69.4,5.0,82,3.547,9.15,3.664
197.9,9.0,1,2.569,5.13,7.773
100.2,4.0,16,3.227,6.86,4.606
126.1,6.0,85,4.478,18.16,5.764
127.4,6.0,76,2.48,16.79,4.423
64.5,3.0,67,3.089,8.41,3.711
95.8,5.0,54,4.77,11.67,4.309
137.7,7.0,18,2.56,16.72,5.206
170.2,8.0,44,1.638,13.44,5.932
96.4,4.0,50,3.685,9.15,3.938
68.2,2.0,8,5.185,11.49,4.177
88.4,4.0,53,4.855,9.78,5.054
95.1,4.0,8,3.75,6.51,5.368
93.9,3.0,11,0.947,5.83,3.354
79.9,4.0,15,2.042,15.03,2.17
65.9,3.0,17,2.09,12.28,2.64
73.6,2.0,7,2.774,2.5,3.778
88.7,4.0,86,5.811,13.8,4.501
136.9,6.0,72,1.672,33.15,3.379
155.0,8.0,45,7.456,6.23,8.242
111.8,5.0,33,2.289,5.91,4.449
74.3,4.0,17,1.925,4.44,3.596
90.3,4.0,85,3.976,10.66,4.485
53.4,1.0,71,4.12,1.85,2.736
171.4,8.0,67,3.642,0.97,7.237
85.8,3.0,42,1.923,4.31,2.816
122.5,5.0,2,3.407,24.64,4.965
151.1,6.0,57,1.707,7.1,5.673
188.6,9.0,43,1.899,11.58,6.025
142.2,7.0,26,2.605,10.13,5.543
93.7,5.0,28,1.88,3.0,3.866
128.1,7.0,5,4.366,9.36,5.801
186.0,9.0,78,2.096,1.67,7.553
85.5,2.0,14,2.462,0.53,4.18
64.9,2.0,73,1.829,1.77,2.706
80.1,2.0,87,4.336,7.71,3.56
125.2,6.0,4,2.014,3.8,4.916
94.5,4.0,56,4.544,5.13,4.844
104.4,4.0,6,4.397,4.79,5.12
132.4,6.0,74,2.224,4.72,5.11
79.6,4.0,45,2.755,10.94,3.466
102.7,4.0,1,2.196,7.52,3.558
89.8,3.0,69,3.475,27.86,2.405
183.2,8.0,68,2.491,5.01,6.993
140.6,7.0,83,2.253,8.0,5.809
94.7,4.0,43,2.775,13.67,3.874
93.0,4.0,83,1.334,0.26,3.521
190.9,7.0,59,2.627,0.51,7.624
185.1,9.0,47,3.641,7.95,7.57
124.9,5.0,32,2.893,0.86,5.845
106.1,4.0,26,4.171,3.19,5.396
69.7,2.0,55,2.294,19.97,2.394
80.4,3.0,66,2.211,20.49,1.798
68.1,2.0,3,1.644,0.58,2.694
153.3,7.0,37,2.265,4.72,6.122
70.1,2.0,4,6.584,6.28,5.086
92.6,4.0,35,3.077,16.3,4.365
56.3,2.0,71,2.089,14.8,1.065
62.9,4.0,62,1.728,5.58,2.551
134.4,5.0,11,1.324,5.13,4.85
118.3,5.0,64,1.871,3.86,4.588
107.3,5.0,1,3.825,8.96,5.607
93.2,4.0,1,2.243,4.06,4.343
60.5,3.0,82,1.766,0.98,2.02
89.1,5.0,2,1.856,5.19,4.325
100.7,5.0,23,3.641,3.19,5.503
131.3,7.0,11,2.621,19.69,4.824
150.3,5.0,52,2.05,3.55,5.043
135.9,6.0,47,2.366,1.21,5.549
118.1,6.0,75,7.335,25.64,5.89
106.8,5.0,88,4.706,18.88,4.785
114.1,6.0,67,5.264,3.56,5.412
87.1,5.0,42,1.236,2.68,3.172
109.9,4.0,4,2.54,3.99,5.048
100.5,5.0,83,2.034,12.38,3.981
219.3,9.0,50,3.472,12.28,8.435
115.1,5.0,19,4.379,0.11,6.344
52.1,4.0,48,3.148,9.88,2.834
91.5,4.0,35,1.836,0.69,4.208
96.8,3.0,31,2.019,4.21,3.848
142.3,7.0,40,3.594,2.02,6.612
120.1,5.0,67,3.759,1.64,5.1
118.0,6.0,14,2.896,6.52,5.37
164.6,8.0,86,2.882,12.27,5.676
185.4,8.0,5,2.78,4.7,7.723
134.4,7.0,13,3.068,11.11,5.38
93.8,5.0,60,3.752,6.15,4.624
94.8,4.0,13,3.61,7.21,4.129
35.8,2.0,69,2.747,2.76,1.934
156.9,7.0,66,2.659,20.65,5.37
94.7,4.0,38,2.614,20.25,3.393
104.4,5.0,40,1.913,5.7,4.473
90.9,4.0,89,1.902,5.21,2.992
73.9,3.0,71,3.472,0.11,3.322
212.7,8.0,56,1.972,3.3,7.464
104.6,5.0,12,3.921,17.24,4.047
173.0,6.0,53,2.656,15.37,6.521
95.1,4.0,3,3.931,4.31,5.3
85.8,3.0,22,3.621,0.41,4.101
130.4,5.0,62,3.972,19.73,5.468
150.0,7.0,36,2.194,2.29,6.495
153.5,7.0,89,3.267,1.61,5.891
100.2,4.0,84,3.789,26.55,2.902
135.1,5.0,8,1.352,5.37,4.327
88.8,4.0,79,5.846,13.38,4.625
109.4,5.0,77,7.536,13.6,6.155
97.0,4.0,9,4.163,18.61,4.117
92.2,5.0,34,3.907,1.61,4.182
110.9,6.0,85,3.543,3.84,4.572
73.3,3.0,1,2.35,0.44,3.676
145.7,5.0,5,2.587,7.84,5.861
92.3,4.0,45,4.195,29.32,2.491
143.2,6.0,85,1.754,7.43,4.572
78.1,3.0,25,1.687,7.86,3.249
92.2,3.0,69,2.273,12.27,2.708
73.2,3.0,62,3.652,5.9,3.592
72.3,5.0,13,1.841,4.62,2.807
81.4,3.0,25,2.456,6.37,3.717
78.5,4.0,56,2.591,2.56,2.917
73.4,2.0,43,1.724,2.67,2.778
106.9,6.0,21,0.907,4.41,4.316
129.6,7.0,18,1.713,5.14,5.331
131.9,7.0,50,3.057,11.27,5.133
59.1,4.0,74,3.383,5.52,2.903
96.8,4.0,37,3.396,18.93,3.547
93.7,4.0,83,3.576,8.33,3.616
165.6,9.0,60,2.051,13.74,5.873
98.0,5.0,36,1.862,2.26,4.071
103.9,3.0,63,3.218,7.67,4.068
65.4,3.0,40,2.471,27.82,1.954
80.7,3.0,68,4.089,0.25,3.96
64.1,4.0,88,3.227,6.12,2.54
109.2,5.0,70,4.844,4.33,5.332
167.5,6.0,12,2.205,0.59,6.698
81.6,4.0,6,4.395,0.81,4.797
98.3,5.0,72,6.791,6.91,5.85
78.7,4.0,76,2.785,10.04,2.792
86.5,4.0,51,3.403,19.04,2.916
110.0,6.0,22,1.788,13.22,3.772
195.7,9.0,79,4.065,26.24,6.691
164.5,7.0,40,4.518,0.26,8.018
181.8,9.0,26,2.176,28.09,5.817
143.7,8.0,32,3.539,7.67,6.089
97.9,5.0,26,3.084,7.21,4.771
93.5,4.0,25,3.241,3.47,4.592
81.8,4.0,29,3.917,9.36,3.544
45.6,2.0,60,3.433,24.13,0.33
97.4,4.0,1,2.553,8.35,3.581
168.4,9.0,32,3.955,2.4,7.848
167.7,7.0,15,4.483,8.46,7.633
222.6,9.0,58,2.118,5.86,7.545
112.7,5.0,89,2.716,3.06,4.894
69.7,2.0,70,1.226,6.39,2.438
126.6,6.0,22,3.535,4.44,6.243
196.5,9.0,46,4.713,2.44,9.098
176.4,8.0,1,2.421,0.39,7.787
90.0,4.0,37,2.887,1.28,4.426
71.8,3.0,25,2.462,15.78,2.733
71.1,4.0,45,2.287,4.58,3.071
83.5,5.0,36,3.018,2.8,4.437
87.5,5.0,61,1.91,6.3,2.997
95.5,5.0,49,2.445,9.03,3.778
132.4,6.0,84,1.809,7.97,4.88
94.4,5.0,6,3.543,2.66,5.336
107.7,4.0,85,3.027,39.57,2.193
62.8,3.0,71,2.239,2.65,3.146
81.8,4.0,64,2.764,2.99,3.674
80.6,3.0,74,2.461,4.29,3.678
59.6,3.0,4,4.548,18.55,2.785
93.6,4.0,19,2.229,6.71,4.067
62.9,3.0,0,3.617,1.67,3.742
91.5,4.0,71,1.979,3.88,3.183
110.5,6.0,31,3.921,1.98,5.505
169.4,7.0,32,4.335,4.34,7.948
79.3,3.0,54,4.428,3.9,3.925
109.5,4.0,38,5.27,0.52,5.434
85.3,3.0,57,3.101,2.92,4.051
61.9,2.0,84,4.745,9.06,2.765
170.2,8.0,29,5.646,15.65,8.097
112.2,6.0,80,1.641,3.57,4.829
124.4,6.0,47,2.072,4.52,5.289
180.2,7.0,33,1.387,13.99,5.896
91.3,5.0,82,4.382,9.7,4.984
68.6,4.0,43,1.379,21.28,2.181
79.0,3.0,11,1.22,4.56,2.774
66.7,4.0,25,1.659,1.02,3.569
153.0,7.0,76,1.243,1.23,5.294
199.4,9.0,46,3.072,4.05,7.947
110.1,5.0,50,1.669,12.38,3.085
133.7,6.0,61,1.27,13.53,4.296
145.8,7.0,17,2.668,2.6,6.088
184.7,9.0,8,2.739,1.91,7.547
196.2,9.0,39,1.172,15.51,6.349
55.5,1.0,82,1.972,9.52,1.568
86.1,4.0,11,2.628,0.9,4.162
106.0,5.0,64,2.315,4.44,4.747
82.7,4.0,88,2.344,7.53,2.84
96.3,5.0,8,4.621,16.31,4.859
121.6,5.0,11,7.142,1.01,7.434
48.8,3.0,78,2.361,15.99,1.745
120.5,6.0,9,1.5,1.51,4.873
144.1,7.0,66,2.446,2.93,5.574
106.8,5.0,71,2.967,11.96,4.292
46.8,3.0,28,2.654,29.41,1.264
93.6,4.0,26,3.578,0.38,4.492
117.6,5.0,46,7.355,23.73,5.361
147.8,6.0,45,1.257,2.65,5.409
140.3,7.0,77,2.164,8.1,5.492
101.9,4.0,53,5.439,3.91,5.89
84.3,4.0,87,2.149,7.57,3.594
103.5,4.0,21,3.878,8.76,4.85
57.9,3.0,25,3.611,11.18,2.859
86.9,3.0,21,4.743,0.09,5.012
157.4,6.0,58,6.43,7.92,7.193
103.4,5.0,3,3.158,3.56,4.658
119.3,4.0,77,1.239,5.26,3.974
65.8,4.0,69,1.983,22.98,1.599
147.4,8.0,88,7.27,11.13,7.666
100.2,4.0,86,1.439,4.41,3.043
117.9,6.0,6,3.399,7.17,4.93
126.7,6.0,67,0.877,14.65,4.039
145.5,8.0,45,1.48,18.69,4.397
111.8,5.0,66,4.052,3.59,5.062
101.0,3.0,78,2.763,0.81,4.305
70.3,3.0,52,2.295,9.22,2.415
64.0,4.0,0,1.884,4.12,3.386
111.1,5.0,77,1.107,1.06,3.619
118.2,5.0,39,3.714,8.04,5.178
124.8,6.0,41,2.393,1.58,5.02
79.5,4.0,52,1.37,1.41,3.243
87.2,4.0,82,2.755,12.78,3.067
110.4,7.0,47,3.531,6.37,5.162
90.8,4.0,18,2.484,5.67,4.336
229.7,9.0,65,2.864,2.26,8.623
86.6,4.0,56,2.765,9.53,3.283
120.9,5.0,5,1.978,6.12,4.62
138.8,6.0,47,2.785,6.22,6.092
141.8,7.0,70,3.784,1.94,6.368
90.2,4.0,79,4.33,27.28,3.615
126.9,6.0,25,3.88,9.52,5.539
121.5,4.0,47,2.006,1.96,5.138
128.8,6.0,74,3.619,4.47,5.789
109.9,5.0,52,3.352,17.59,4.336
139.1,6.0,37,1.975,18.55,4.019
114.3,5.0,16,2.206,5.61,4.067
67.7,3.0,3,3.691,28.61,2.698
113.1,5.0,62,5.051,7.28,5.953
117.6,5.0,86,1.203,4.22,4.921
135.7,6.0,54,5.686,1.83,6.505
111.1,7.0,70,4.59,5.01,5.828
186.3,9.0,60,2.973,23.01,6.028
102.1,4.0,31,2.439,18.89,3.125
88.7,5.0,47,3.24,18.4,3.252
164.7,7.0,24,2.038,1.92,6.621
101.2,5.0,20,2.509,9.15,3.905
107.7,6.0,53,1.4,16.97,3.362
117.7,4.0,58,1.241,19.62,3.45
114.3,5.0,88,7.764,6.17,7.196
128.4,5.0,21,2.797,8.63,5.351
133.0,6.0,26,2.979,0.27,6.088
86.2,4.0,14,2.681,15.0,3.265
72.2,3.0,85,1.873,12.25,2.094
74.9,3.0,70,2.367,14.41,2.716
158.2,8.0,29,2.832,0.95,6.439
98.5,5.0,87,2.488,28.65,2.648
138.3,6.0,63,1.938,2.72,4.951
134.2,6.0,42,3.373,4.64,5.803
107.7,6.0,34,2.959,7.37,4.334
79.1,4.0,51,3.244,9.52,3.398
135.3,6.0,7,3.733,8.09,5.71
106.4,4.0,15,2.517,3.01,4.286
70.7,2.0,84,2.519,15.94,2.173
91.0,4.0,18,5.297,2.25,4.538
62.4,3.0,14,1.777,1.44,2.258
92.4,4.0,77,1.17,5.71,3.409
109.5,5.0,85,3.49,1.25,5.093
102.7,4.0,73,2.048,27.64,2.278
98.6,4.0,9,1.674,9.69,3.916
109.1,5.0,75,4.049,2.93,4.996
125.8,7.0,24,2.547,3.18,5.269
142.2,6.0,0,1.539,14.71,4.522
148.9,7.0,82,6.493,3.05,8.384
83.0,2.0,24,1.317,6.25,2.934
154.0,6.0,59,2.614,16.52,5.358
106.5,4.0,6,1.162,5.71,3.994
95.1,5.0,17,3.07,5.91,3.763
75.6,3.0,79,2.037,2.97,2.842
45.8,2.0,53,3.93,7.18,2.899
122.8,6.0,89,2.697,7.23,4.826
121.2,6.0,16,4.992,31.56,5.416
88.3,3.0,80,2.24,12.03,2.789
89.2,5.0,78,1.32,10.28,3.271
101.4,4.0,83,3.025,0.64,4.796
94.5,4.0,4,2.426,9.69,3.861
81.8,3.0,9,1.199,1.83,3.321
73.0,4.0,47,1.691,8.11,2.654
154.6,8.0,10,1.951,0.46,5.719
90.9,5.0,5,5.474,1.05,5.828
120.9,5.0,73,3.737,17.59,4.713
128.9,7.0,62,2.325,5.29,5.394
123.0,6.0,75,3.36,6.11,5.277
131.3,7.0,84,1.086,15.92,4.317
122.5,6.0,12,2.108,13.73,4.169
85.6,4.0,74,3.256,8.61,4.215
96.3,5.0,3,2.928,4.2,4.196
153.2,8.0,33,2.132,7.91,5.87
90.0,5.0,26,2.672,12.94,3.86
106.5,5.0,21,3.165,22.48,3.607
125.9,6.0,64,2.707,10.64,5.084
172.7,6.0,10,4.005,0.7,7.501
148.3,6.0,72,3.137,19.19,5.184
78.1,3.0,78,3.421,0.04,3.865
119.6,5.0,59,5.877,14.05,5.553
115.0,6.0,7,3.945,6.36,6.324
96.5,3.0,53,5.95,10.75,4.783
107.6,5.0,56,2.009,1.2,3.635
85.4,4.0,33,1.328,5.94,2.869
100.8,5.0,33,2.552,5.45,4.36
90.3,4.0,42,2.456,4.39,3.73
110.3,5.0,89,5.242,4.81,5.979
95.4,4.0,0,1.635,12.55,3.668
177.5,9.0,45,2.623,10.97,6.635
111.5,6.0,28,3.262,2.75,4.666
104.4,5.0,49,2.844,4.16,4.118
99.1,3.0,0,2.516,6.34,4.073
95.5,4.0,82,3.194,3.7,3.684
70.7,3.0,41,4.418,37.51,1.927
138.2,6.0,87,5.425,2.44,7.312
164.8,7.0,13,2.759,4.11,6.847
89.8,5.0,52,1.883,14.29,3.093
152.9,7.0,61,5.422,34.81,5.169
228.8,9.0,71,1.674,4.45,8.209
196.7,9.0,0,6.085,5.46,9.301
162.2,9.0,57,4.977,15.0,7.141
73.5,4.0,13,5.313,0.0,5.277
73.2,4.0,38,3.7,1.62,4.406
131.1,5.0,4,1.051,14.9,4.141
106.9,4.0,5,1.703,2.32,4.473
54.4,2.0,68,3.121,6.03,2.465
93.1,4.0,64,2.006,31.92,2.402
129.1,6.0,80,2.359,1.75,4.92
101.3,4.0,63,3.581,2.95,4.629
107.1,5.0,53,2.518,27.93,3.49
73.2,3.0,10,1.571,19.58,1.878
92.7,4.0,68,4.049,4.54,4.071
131.3,7.0,20,3.427,4.84,5.807
91.3,3.0,9,2.43,1.45,4.556
157.2,7.0,65,3.744,11.76,5.48
107.9,6.0,52,2.837,0.6,5.024
122.6,5.0,13,4.949,24.99,4.732
130.3,6.0,49,2.91,4.2,5.432
128.5,6.0,62,4.932,0.59,6.39
77.4,3.0,44,1.17,10.28,2.752
81.6,4.0,64,3.342,13.09,3.41
54.1,2.0,45,2.273,4.39,2.797
96.2,3.0,31,1.847,8.56,3.888
79.7,4.0,20,4.578,6.44,4.476
90.4,3.0,23,4.056,16.28,3.703
99.4,5.0,72,1.102,5.33,3.601
112.5,6.0,33,3.751,24.14,4.401
101.8,6.0,64,3.551,12.49,3.963
101.2,5.0,32,1.963,7.12,4.047
119.4,6.0,47,1.867,2.56,4.711
105.5,5.0,54,1.329,1.94,3.884
141.7,6.0,42,2.335,15.28,4.695
105.6,3.0,66,2.51,2.17,4.045
173.1,9.0,83,3.891,5.32,7.812
76.4,3.0,77,3.069,2.89,3.425
95.6,5.0,82,1.687,4.41,4.035
85.8,4.0,2,3.027,0.2,4.443
113.9,4.0,68,2.425,1.93,4.203
76.4,4.0,65,1.785,8.73,2.859
142.4,8.0,37,1.329,10.94,4.611
66.0,4.0,28,3.601,18.01,3.1
80.9,3.0,4,3.323,2.26,4.057
67.4,3.0,75,3.492,0.76,3.907
99.8,5.0,75,1.959,1.63,4.579
112.4,5.0,6,2.936,5.66,4.321
63.1,4.0,52,1.464,1.63,2.565
93.7,5.0,49,1.744,5.12,3.27
148.2,6.0,15,2.76,13.13,6.315
163.0,8.0,49,3.059,15.61,5.938
134.8,6.0,73,1.306,8.52,4.089
48.4,2.0,29,1.689,6.05,2.757
109.0,5.0,65,2.306,5.43,4.069
154.2,8.0,87,4.184,6.95,6.135
90.7,5.0,40,1.885,5.07,3.301
71.1,3.0,9,2.896,0.13,3.803
150.1,7.0,26,3.036,4.97,6.323
157.8,7.0,12,2.429,2.52,6.175
105.3,4.0,31,3.067,0.12,4.717
71.3,3.0,57,1.484,2.09,2.832
60.8,4.0,18,2.024,7.54,3.154
117.7,4.0,46,5.183,0.03,6.273
86.1,4.0,89,5.35,0.78,4.87
103.1,5.0,23,3.972,2.97,5.132
99.6,5.0,79,4.46,6.68,5.148
79.5,3.0,27,1.195,6.37,3.382
59.8,2.0,55,1.774,5.77,1.881
91.5,3.0,14,2.363,7.93,4.026
110.4,6.0,24,8.061,0.12,7.448
112.1,4.0,78,2.361,0.87,3.974
84.4,3.0,53,3.801,18.97,2.613
156.6,9.0,51,3.223,2.55,7.34
73.5,3.0,45,3.191,10.89,3.675
45.3,2.0,22,2.69,0.48,2.493
144.1,7.0,83,1.584,4.11,5.224
109.3,6.0,35,0.806,4.99,3.298
91.7,3.0,1,4.84,8.04,5.071
122.7,5.0,81,2.06,15.8,3.926
97.7,5.0,4,1.173,4.17,3.25
65.8,4.0,79,3.31,1.34,3.618
71.8,3.0,23,3.282,5.04,3.112
95.7,4.0,6,3.84,0.43,5.224
88.0,4.0,19,4.491,12.89,3.911
143.0,7.0,58,1.798,4.88,5.532
86.7,4.0,49,1.834,0.84,3.431
85.0,3.0,13,2.355,2.3,2.953
81.6,3.0,27,3.934,8.56,4.306
79.5,4.0,18,1.055,7.67,3.175
80.3,5.0,58,2.88,1.16,3.82
68.6,3.0,77,4.135,0.44,4.041
110.8,5.0,22,4.059,13.36,5.013
100.3,4.0,80,3.739,0.04,5.015
99.0,6.0,36,4.386,3.55,5.91
61.8,3.0,7,0.79,3.24,2.494
119.2,6.0,29,5.618,3.25,6.388
123.1,6.0,78,3.154,2.51,5.52
170.1,8.0,72,4.956,7.5,7.404
120.9,4.0,65,1.602,14.5,3.326
182.3,7.0,35,1.235,7.17,6.722
83.7,5.0,69,6.073,4.51,5.485
173.4,8.0,63,1.792,10.54,5.431
122.2,6.0,71,2.363,2.36,4.785
117.1,4.0,50,3.446,3.35,5.409
98.2,4.0,45,3.849,5.08,4.126
91.6,5.0,87,4.416,15.68,3.784
85.7,5.0,85,3.006,0.45,5.089
175.5,8.0,48,1.691,1.34,6.598
97.2,5.0,18,3.736,5.54,5.172
123.0,6.0,36,3.763,0.55,6.45
131.9,6.0,45,1.201,7.65,4.26
131.2,7.0,60,5.147,0.47,6.918
110.9,5.0,28,0.888,3.24,4.742
172.2,9.0,4,4.33,10.67,7.699
119.8,6.0,74,2.043,7.66,5.304
85.0,4.0,85,3.734,8.65,3.63
93.0,5.0,7,3.42,12.8,4.761
62.8,3.0,28,2.673,11.36,2.661
114.9,5.0,39,3.33,14.17,4.424
126.4,7.0,68,2.615,8.92,5.224
130.0,7.0,69,3.748,1.29,6.035
122.2,6.0,30,7.267,1.91,7.393
98.3,2.0,28,1.487,9.98,3.317
104.2,5.0,36,0.647,18.61,2.124
104.3,5.0,21,2.255,4.32,4.121
143.2,6.0,39,2.186,6.49,5.706
55.8,3.0,23,2.294,14.5,2.452
89.7,4.0,5,1.792,9.95,3.485
74.8,4.0,64,4.025,12.28,3.639
196.9,9.0,70,1.46,1.39,7.421
152.8,8.0,25,3.33,0.99,7.219
90.9,5.0,36,3.623,19.35,3.152
66.5,3.0,36,3.134,2.98,3.264
71.9,4.0,1,3.385,1.96,4.012
142.5,7.0,49,4.167,0.52,6.831
62.3,4.0,41,2.785,0.66,2.66
104.7,5.0,84,2.326,7.18,3.582
134.5,7.0,33,3.383,27.44,4.614
69.8,3.0,71,3.561,3.65,3.909
104.4,6.0,35,4.057,15.27,4.474
91.3,5.0,16,1.258,14.8,2.721
87.6,4.0,31,2.503,4.03,4.054
83.0,5.0,79,1.683,4.47,3.149
138.3,5.0,23,3.499,4.84,6.25
164.1,8.0,76,3.77,19.7,6.015
95.8,4.0,59,2.403,2.37,3.668
117.3,7.0,67,1.958,0.78,5.423
105.2,5.0,67,3.556,2.1,5.394
57.9,2.0,46,2.56,7.73,2.146
94.6,4.0,54,5.165,8.08,5.081
54.7,2.0,6,6.037,12.79,3.691
88.9,4.0,62,4.264,7.03,4.614
103.5,4.0,64,3.018,0.12,4.372
130.9,5.0,9,6.181,25.19,6.067
113.8,5.0,46,3.029,33.78,3.586
139.5,7.0,45,2.191,5.56,5.167
78.9,3.0,27,2.006,3.29,3.347
156.7,6.0,5,1.981,1.0,6.658
164.1,8.0,0,2.711,0.41,6.729
53.9,3.0,18,3.348,0.93,3.122
61.3,3.0,20,1.438,20.66,1.757
102.7,5.0,19,2.221,25.1,3.041
86.9,5.0,54,2.992,1.92,3.669
91.1,5.0,37,3.631,2.51,4.556
113.5,7.0,10,2.687,8.48,5.517
141.4,9.0,7,3.034,5.77,7.036
77.6,2.0,58,1.557,31.96,0.895
149.4,5.0,84,1.803,6.33,4.86
82.5,4.0,73,2.645,3.13,3.506
206.8,9.0,68,3.42,23.08,7.796
157.1,7.0,28,3.016,0.83,7.044
85.2,4.0,63,1.855,1.03,4.068
66.9,3.0,7,2.444,2.8,3.622
84.5,3.0,15,5.367,6.55,4.397
80.9,3.0,12,3.473,30.99,2.111
125.5,6.0,16,2.527,8.75,4.788
54.3,3.0,32,1.713,2.0,2.329
61.5,2.0,3,1.972,12.17,1.992
124.3,5.0,73,2.726,2.56,4.913
79.9,4.0,64,3.078,4.97,3.931
89.3,4.0,57,3.506,16.04,3.594
134.3,7.0,15,3.237,0.01,6.693
143.6,6.0,78,2.301,12.76,5.074
154.4,6.0,0,2.16,7.32,5.649
130.5,6.0,89,6.829,6.98,7.0
97.3,5.0,65,2.116,10.52,3.05
94.7,4.0,18,1.52,2.92,2.948
91.2,5.0,17,1.3,0.62,4.04
69.9,5.0,62,2.319,0.23,3.834
76.6,3.0,72,4.15,18.12,3.175
147.4,8.0,41,2.098,10.32,5.406
82.4,2.0,5,5.285,2.97,4.421
70.0,4.0,44,2.709,4.49,3.763
151.6,6.0,43,4.479,14.67,6.404
64.3,4.0,29,1.933,2.54,3.111
111.2,4.0,81,1.946,3.83,4.137
50.5,2.0,30,2.832,9.36,2.183
176.9,7.0,21,3.378,3.45,6.985
170.1,8.0,60,2.508,3.9,6.805
71.9,5.0,55,3.101,22.3,2.405
100.5,4.0,55,3.542,3.19,4.529
74.9,5.0,45,1.434,4.83,3.623
74.7,3.0,28,2.332,7.08,3.096
90.3,5.0,23,2.152,1.17,3.258
126.7,5.0,10,2.2,11.3,4.485
126.9,6.0,16,3.264,0.66,5.543
121.7,5.0,52,2.166,8.17,4.479
97.2,5.0,36,1.103,0.66,3.329
129.2,6.0,66,2.444,24.02,4.143
69.7,2.0,72,1.684,29.86,0.905
111.8,4.0,50,3.399,14.86,4.106
104.5,4.0,9,3.906,2.47,5.242
95.3,5.0,0,1.022,10.6,3.256
113.2,6.0,20,1.919,11.81,4.145
52.9,2.0,25,3.187,5.33,2.763
75.3,3.0,6,1.442,4.76,2.952
123.3,6.0,70,3.866,1.48,5.909
103.6,4.0,33,4.359,13.89,4.661
63.2,3.0,66,2.527,5.83,3.172
102.9,5.0,18,1.919,8.42,3.781
87.1,4.0,0,0.961,1.66,3.51
148.7,7.0,12,3.921,0.59,7.838
71.2,3.0,42,6.694,0.0,5.327
72.0,4.0,43,6.099,14.48,4.343
118.0,4.0,39,2.49,16.4,3.558
98.4,5.0,86,1.662,11.28,3.03
96.9,5.0,58,3.963,11.75,4.316
207.2,9.0,65,2.567,12.99,7.599
128.1,6.0,11,3.371,10.72,5.621
93.0,4.0,41,3.115,7.79,4.153
60.8,3.0,55,2.834,13.9,2.687
91.3,4.0,52,4.318,7.73,4.14
69.0,2.0,85,4.391,9.1,3.572
76.8,4.0,42,2.149,0.26,3.572
77.6,2.0,33,1.794,1.39,3.203
144.6,7.0,84,0.883,0.92,5.056
64.7,3.0,30,2.326,10.66,2.255
139.5,6.0,51,1.662,15.76,4.079
119.8,6.0,2,3.283,0.35,5.874
119.2,5.0,14,2.337,0.14,5.337
75.8,4.0,5,2.454,24.38,2.331
133.2,6.0,37,3.917,20.11,5.118
73.1,3.0,83,3.25,2.78,3.265
165.1,8.0,6,2.579,3.47,7.016
145.7,7.0,87,5.806,5.5,7.168
175.2,8.0,78,3.789,7.18,7.051
104.7,6.0,0,2.254,23.73,3.755
98.4,5.0,1,2.3,1.23,4.735
90.5,5.0,81,3.876,3.49,3.988
205.5,9.0,52,2.978,12.78,7.628
126.3,5.0,15,1.641,15.39,3.809
69.3,3.0,85,4.066,0.68,3.935
158.2,8.0,50,4.786,5.79,6.21
97.2,5.0,57,4.626,4.6,5.161
45.1,1.0,61,5.442,5.14,3.619
80.8,4.0,18,6.897,5.74,5.554
145.7,7.0,32,5.921,0.45,7.313
119.9,5.0,11,3.169,3.45,6.057
127.9,7.0,47,2.475,0.16,5.997
157.7,8.0,88,1.193,5.1,5.383
57.8,2.0,56,2.732,6.25,2.512
81.2,5.0,62,3.434,10.94,2.982
105.5,4.0,17,2.772,6.26,4.614
147.2,7.0,48,1.162,15.51,4.178
73.0,3.0,89,2.389,3.18,3.311
92.8,4.0,7,3.634,1.48,5.141
103.3,5.0,18,1.713,1.98,4.254
79.9,5.0,64,2.929,6.22,3.313
102.9,6.0,0,3.301,1.99,5.61
98.2,5.0,18,4.496,15.69,4.557
86.4,3.0,84,5.875,26.36,3.712
133.1,5.0,1,2.293,2.63,5.135
124.9,6.0,38,2.953,27.63,4.053
135.1,6.0,29,2.995,6.18,5.563
139.2,6.0,35,3.641,2.17,5.799
171.7,9.0,23,3.462,1.97,8.048
62.4,3.0,24,5.162,5.73,4.732
64.5,3.0,68,0.952,3.99,2.569
129.2,7.0,2,3.281,30.38,4.665
89.0,4.0,11,3.385,6.89,4.834
85.4,6.0,23,2.445,5.22,3.611
81.3,3.0,74,0.981,3.06,2.392
136.7,6.0,35,2.645,16.04,4.764
200.6,8.0,3,1.974,19.95,6.761
138.9,7.0,46,5.784,9.63,6.746
87.7,5.0,56,3.218,15.32,3.179
134.3,6.0,41,1.9,4.93,5.147
63.9,2.0,7,1.079,8.86,2.051
42.8,3.0,79,3.546,12.19,2.486
96.0,5.0,77,3.718,4.26,4.605
57.8,4.0,82,2.467,34.9,0.235
89.1,4.0,86,3.567,5.51,4.217
109.3,5.0,28,2.324,2.27,5.23
214.5,9.0,37,4.394,6.38,8.972
151.4,6.0,86,4.249,7.81,6.706
58.1,3.0,40,1.3,19.64,1.173
59.8,2.0,77,1.451,6.69,2.174
80.1,4.0,58,6.781,1.41,5.356
183.3,9.0,83,4.135,1.73,7.917
58.9,3.0,0,1.54,10.64,2.098
81.5,4.0,63,1.341,3.24,3.25
81.4,4.0,72,2.985,3.72,3.466
117.9,6.0,17,1.626,6.99,3.989
135.5,7.0,66,2.357,3.4,5.662
125.3,7.0,17,2.661,0.7,5.838
112.4,6.0,81,2.61,0.16,4.971
63.1,3.0,81,4.513,0.99,4.228
106.5,5.0,0,6.207,9.2,5.965
159.3,8.0,45,2.191,12.74,5.879
178.3,7.0,34,1.634,9.16,6.115
116.8,5.0,80,3.238,3.73,4.928
58.3,2.0,28,5.664,1.78,4.438
117.5,5.0,64,2.267,3.71,5.461
98.1,4.0,10,3.985,4.75,5.152
61.0,2.0,19,1.865,3.03,2.843
71.7,3.0,88,2.744,16.5,2.674
75.8,3.0,34,1.611,10.39,1.779
129.3,7.0,68,2.732,5.06,5.485
175.5,9.0,87,2.579,0.37,7.453
122.5,6.0,86,3.574,4.53,5.418
130.8,5.0,1,6.05,18.74,6.102
100.4,5.0,20,2.282,9.21,3.677
85.0,4.0,64,1.105,5.49,2.789
123.7,5.0,83,2.482,17.22,3.771
112.9,5.0,88,3.11,6.03,5.022
78.0,3.0,64,2.977,3.4,4.106
110.3,5.0,9,2.532,0.98,5.632
102.6,5.0,66,5.309,0.36,5.483
92.5,5.0,24,2.89,2.92,4.172
84.0,5.0,72,2.593,2.26,3.602
116.8,6.0,49,1.916,0.71,4.491
85.8,4.0,16,1.239,6.3,2.818
200.7,9.0,75,3.152,17.72,6.975
121.1,5.0,88,3.036,10.91,4.899
117.5,5.0,45,1.688,0.9,4.399
96.9,4.0,73,2.665,0.34,4.641
89.9,2.0,5,2.548,7.57,4.088
54.3,2.0,24,2.052,10.44,2.17
79.7,5.0,11,1.902,12.29,3.495
57.9,3.0,25,3.262,5.09,2.683
57.7,2.0,33,2.456,1.42,2.662
68.3,3.0,38,2.084,8.56,2.747
153.3,6.0,29,1.845,7.54,5.658
153.0,7.0,49,2.564,16.83,5.878
80.3,5.0,19,4.121,4.39,4.174
62.7,3.0,31,2.983,2.02,3.149
88.6,3.0,75,2.443,0.53,3.755
128.9,6.0,50,3.123,2.13,5.482
142.0,7.0,2,5.023,11.11,6.322
109.8,5.0,29,3.39,5.11,4.83
116.3,4.0,74,3.056,5.36,4.641
112.5,7.0,16,3.623,7.13,5.86
59.1,2.0,82,2.532,3.01,2.287
64.5,3.0,26,2.953,6.67,3.406
178.1,7.0,56,2.181,7.08,6.963
109.6,4.0,42,1.353,27.83,2.361
50.5,2.0,56,3.172,8.56,2.535
118.7,6.0,71,3.177,5.91,5.273
74.7,4.0,13,2.388,5.69,3.545
146.1,6.0,31,4.332,1.61,6.86
140.6,6.0,51,1.965,8.26,4.883
126.4,6.0,23,1.225,2.67,5.043
109.2,5.0,33,1.986,3.1,4.321
158.6,7.0,79,1.359,8.79,5.375
164.4,8.0,20,3.165,7.02,6.877
75.3,3.0,17,1.938,2.16,3.592
125.9,6.0,52,4.234,9.44,6.304
84.3,4.0,8,4.194,11.22,3.934
71.8,4.0,0,1.793,1.8,3.352
164.4,9.0,78,1.89,2.1,5.903
132.9,6.0,24,3.457,8.92,6.15
112.2,5.0,10,4.225,3.31,5.645
77.6,4.0,59,1.099,0.9,2.908
166.1,7.0,43,3.086,21.53,5.767
227.9,9.0,40,1.011,2.47,8.099
74.3,4.0,39,2.124,19.96,2.056
69.1,3.0,13,4.447,4.5,4.526
102.7,5.0,77,10.532,5.56,8.004
128.9,6.0,0,2.441,2.4,5.815
91.4,3.0,43,1.551,22.58,2.036
345.0,9.0,24,2.157,3.77,11.822
108.6,5.0,57,2.8,1.82,4.742
84.2,4.0,49,2.011,0.84,3.945
87.3,5.0,34,1.793,12.14,3.337
185.6,8.0,48,2.243,8.68,6.553
99.5,4.0,20,3.248,1.26,5.003
162.3,7.0,11,2.519,15.75,5.512
57.1,3.0,81,1.828,4.0,2.099
147.1,7.0,55,2.011,4.3,5.736
78.8,4.0,58,2.256,8.94,2.682
134.0,6.0,89,1.734,27.51,3.177
78.6,4.0,81,1.977,5.57,3.613
89.4,4.0,52,3.631,9.82,4.475
71.2,5.0,71,2.451,20.09,3.15
134.9,7.0,47,1.235,15.19,4.502
142.4,6.0,21,4.311,9.65,6.494
79.7,4.0,56,3.279,8.35,3.566
61.4,3.0,82,1.459,13.15,1.619
161.4,7.0,79,2.306,3.51,6.498
82.7,3.0,45,1.903,7.15,3.566
97.7,4.0,85,3.686,14.91,4.111
75.1,4.0,17,2.3,1.72,3.302
130.4,5.0,3,2.631,3.91,5.585
131.5,5.0,36,2.496,5.22,4.942
171.1,8.0,18,1.396,1.8,6.428
148.7,7.0,86,5.116,6.67,7.431
145.0,6.0,10,3.662,0.2,6.246
100.7,4.0,48,1.942,37.57,2.689
96.6,3.0,69,2.963,5.24,4.193
129.7,6.0,9,4.214,1.43,6.223
98.8,4.0,4,2.787,6.18,4.337
150.5,6.0,49,5.477,10.25,6.649
73.6,4.0,81,10.105,22.93,5.343
56.7,2.0,1,2.568,3.24,2.925
124.4,5.0,1,2.091,6.45,4.768
86.1,3.0,83,1.742,0.96,3.01
70.0,3.0,54,1.004,2.17,2.489
209.4,9.0,63,4.767,2.61,8.639
103.9,4.0,24,2.319,0.02,4.097
65.1,2.0,28,4.031,6.03,3.083
82.8,4.0,42,4.412,1.44,5.279
93.9,5.0,19,1.671,4.88,3.942
123.5,6.0,39,1.788,16.16,4.314
82.9,5.0,85,5.96,3.21,5.24
98.2,5.0,67,2.634,0.05,4.637
113.6,5.0,78,2.02,5.83,4.666
120.8,6.0,44,1.698,12.12,4.348
100.6,5.0,70,2.551,20.38,3.838
184.5,8.0,37,5.358,1.08,8.68
130.8,7.0,55,3.7,17.59,5.365
128.3,5.0,65,2.95,17.94,4.687
126.7,6.0,74,5.556,10.1,5.792
150.9,8.0,83,5.094,6.39,7.08
111.0,5.0,9,3.159,8.2,4.178
73.2,3.0,71,9.481,1.13,6.425
118.8,4.0,63,2.432,24.5,3.32
124.0,4.0,66,4.455,17.17,4.793
159.4,9.0,1,2.278,5.19,6.428
70.9,3.0,43,4.081,2.14,4.201
76.3,3.0,86,2.431,46.7,0.287
105.0,5.0,81,3.345,6.02,5.222
127.9,5.0,20,7.969,8.66,7.623
66.8,3.0,43,4.172,29.71,2.005
71.5,3.0,77,3.369,1.34,3.858
138.5,5.0,83,1.918,5.79,5.288
67.6,2.0,29,2.959,9.37,3.052
76.6,2.0,72,1.727,4.2,2.424
141.6,7.0,75,4.052,6.54,7.003
127.3,5.0,13,4.006,14.09,5.548
83.2,4.0,2,2.507,0.51,3.628
122.2,6.0,4,5.746,1.51,6.938
114.2,5.0,13,5.394,5.53,5.991
99.3,4.0,66,2.908,13.29,3.708
90.7,4.0,35,3.506,2.63,4.062
120.5,5.0,61,2.086,3.98,4.691
69.5,4.0,8,2.405,10.74,2.679
120.1,7.0,54,1.673,2.45,4.709
110.6,6.0,67,2.192,17.43,3.845
113.3,4.0,87,2.594,10.51,3.9
75.6,3.0,28,1.288,6.02,2.632
160.8,7.0,49,3.524,5.2,7.03
83.3,4.0,43,4.306,3.92,4.197
87.5,3.0,31,2.709,4.22,3.601
98.0,3.0,57,0.808,13.79,2.168
127.2,7.0,50,2.426,0.17,5.249
112.1,5.0,74,1.452,8.5,3.856
60.7,2.0,2,2.066,23.2,1.815
103.4,4.0,19,5.225,20.56,4.34
106.3,5.0,52,0.909,6.57,3.808
162.3,7.0,51,1.883,1.39,6.304
93.4,4.0,81,3.948,2.01,4.129
123.4,5.0,60,1.982,5.42,4.688
246.1,9.0,0,1.915,2.25,9.608
152.1,8.0,44,6.784,1.16,7.668
74.2,4.0,76,3.223,0.88,4.503
133.0,6.0,78,4.139,5.4,5.724
120.2,5.0,72,3.396,16.21,3.897
92.3,5.0,42,2.923,6.09,4.201
133.6,6.0,9,4.801,7.7,6.681
73.9,4.0,19,6.407,0.32,5.386
83.8,3.0,76,1.274,3.93,3.018
98.3,5.0,30,2.675,2.91,5.201
90.9,4.0,68,2.666,9.58,3.633
128.6,5.0,3,2.241,0.72,6.453
102.4,5.0,44,4.227,9.6,5.265
87.9,4.0,85,3.051,1.69,4.068
151.2,7.0,22,6.465,0.56,8.266
126.9,5.0,2,4.46,4.63,6.015
64.2,3.0,25,5.023,5.61,4.199
63.9,3.0,5,1.585,9.83,2.576
88.1,4.0,55,1.891,0.31,3.596
66.7,3.0,17,1.963,8.71,2.169
142.6,6.0,22,4.93,4.6,7.314
85.1,3.0,52,1.759,30.83,1.988
123.3,6.0,29,1.782,11.89,3.896
199.2,9.0,58,1.641,14.95,6.725
132.4,6.0,83,9.383,25.73,7.397
54.5,2.0,83,2.55,11.48,2.324
86.4,4.0,65,3.45,2.5,3.971
96.8,4.0,87,1.627,17.54,3.061
113.8,6.0,66,4.186,17.37,4.716
139.8,7.0,6,1.224,6.26,5.32
213.0,9.0,86,1.75,0.62,7.556
177.6,7.0,51,1.956,2.28,5.219
102.0,5.0,0,3.0,1.58,4.644
101.6,4.0,55,1.902,2.83,4.182
170.8,7.0,22,5.397,9.02,7.69
103.9,5.0,48,3.409,1.44,5.2
85.7,4.0,59,1.993,0.08,4.096
143.4,5.0,2,4.259,21.08,5.43
115.7,5.0,39,2.277,1.19,4.717
63.6,3.0,4,2.084,2.9,2.249
93.6,4.0,10,4.068,1.97,4.419
67.3,3.0,19,0.901,6.03,1.878
45.1,1.0,70,3.784,2.68,2.929
186.7,7.0,37,1.972,4.9,6.775
108.4,4.0,4,1.971,0.67,4.374
94.8,5.0,67,6.561,6.54,5.509
87.9,2.0,48,2.14,1.72,3.273
104.5,4.0,12,4.179,3.6,5.556
87.6,3.0,50,3.082,4.82,3.917
74.7,3.0,22,3.23,3.78,4.085
89.2,5.0,57,2.428,5.89,3.021
164.6,7.0,85,2.372,14.69,5.811
142.3,6.0,28,5.406,2.88,6.967
89.3,5.0,67,4.132,7.09,4.346
193.8,9.0,2,2.171,5.8,7.99
101.6,4.0,36,1.698,8.85,3.481
79.9,4.0,80,2.09,1.4,3.587
117.4,6.0,6,4.228,5.41,5.44
174.1,8.0,83,4.62,1.19,7.87
161.8,7.0,8,3.489,7.77,6.208
81.2,3.0,43,1.313,1.38,3.112
70.0,4.0,16,3.816,1.78,4.26
92.0,4.0,1,4.887,3.66,5.601
124.1,7.0,31,2.939,6.02,5.113
135.6,5.0,52,6.625,3.27,7.06
153.5,8.0,65,1.5,9.57,5.18
110.4,5.0,28,3.699,1.33,5.295
111.6,4.0,44,1.718,7.39,3.644
109.0,5.0,16,4.377,10.74,4.376
146.3,6.0,65,3.582,9.26,5.541
136.4,6.0,15,6.114,4.71,7.204
80.3,3.0,77,3.404,10.98,3.281
130.6,6.0,16,2.266,4.13,5.54
143.0,7.0,59,2.179,0.67,6.13
147.0,7.0,29,2.429,3.31,5.872
115.7,4.0,89,2.16,4.38,3.749
113.6,4.0,25,4.984,0.11,6.164
103.1,5.0,85,4.826,4.87,5.228
106.7,5.0,75,1.386,0.5,4.003
182.6,8.0,42,2.766,13.32,7.142
107.9,6.0,44,2.796,0.29,5.179
82.3,4.0,31,1.913,4.33,3.47
116.5,5.0,38,3.311,7.85,5.02
134.7,6.0,41,5.246,15.33,6.334
144.9,6.0,13,4.061,3.31,6.402
74.4,3.0,29,4.984,4.53,4.139
168.7,9.0,78,1.967,2.07,6.508
132.9,7.0,88,2.763,8.51,4.796
165.2,8.0,4,1.926,2.12,6.624
65.9,3.0,65,3.028,8.06,2.989
149.0,7.0,21,3.153,7.61,6.164
73.3,3.0,58,4.187,18.65,2.965
95.4,5.0,55,4.909,5.25,5.716
134.4,7.0,79,3.706,2.61,6.397
71.1,4.0,63,1.846,2.71,2.994
87.3,3.0,74,1.479,29.19,1.631
65.5,3.0,72,3.435,2.78,3.897
133.2,6.0,58,5.34,8.33,6.182
79.8,3.0,36,2.688,11.06,2.82
105.6,4.0,30,1.367,17.45,3.175
120.3,6.0,31,6.946,5.03,7.174
116.1,6.0,32,3.388,32.38,3.827
112.5,4.0,25,2.936,2.34,5.226
112.5,5.0,27,1.607,4.48,4.064
66.8,3.0,51,2.738,10.92,2.244
97.2,5.0,24,3.703,20.65,3.642
112.1,4.0,31,3.409,1.66,5.358
108.1,4.0,63,2.002,14.4,3.184
100.9,5.0,29,2.649,3.05,3.842
83.3,3.0,9,2.06,5.15,3.491
115.2,5.0,1,5.748,7.24,6.007
122.4,5.0,68,4.066,23.8,3.798
91.1,4.0,85,2.147,23.21,2.472
145.2,7.0,61,1.607,7.69,5.08
170.0,9.0,5,3.08,8.42,7.627
106.3,4.0,50,2.178,44.94,1.783
80.8,4.0,24,2.252,10.45,3.401
70.8,1.0,28,1.631,9.8,2.272
95.0,5.0,82,1.724,5.96,3.331
103.7,3.0,74,2.925,2.27,4.183
69.6,5.0,66,2.411,2.77,3.722
94.0,4.0,45,8.36,8.35,6.644
142.6,7.0,52,3.552,4.98,5.688
52.0,3.0,82,1.619,8.5,1.373
108.5,5.0,59,1.362,14.74,2.929
87.2,4.0,52,3.252,1.46,4.634
104.7,4.0,8,2.274,1.48,3.918
173.3,8.0,89,4.949,19.52,7.134
103.1,4.0,72,3.086,3.76,4.588
98.2,4.0,32,1.114,14.74,2.967
130.2,6.0,22,1.718,6.53,4.755
115.8,5.0,87,2.006,8.2,4.551
108.6,5.0,86,3.317,10.55,4.414
117.2,5.0,37,1.693,6.15,3.854
156.0,7.0,20,2.912,2.15,6.197
139.4,6.0,71,1.49,8.75,4.187
96.0,5.0,56,2.726,32.68,2.943
169.9,8.0,81,3.211,8.01,7.197
88.9,4.0,49,5.247,0.69,5.65
108.5,5.0,49,3.036,2.57,4.82
112.6,5.0,12,1.882,15.34,3.357
94.6,4.0,54,5.322,12.77,4.36
163.3,8.0,32,2.503,1.87,6.398
93.0,4.0,18,3.85,10.66,4.276
100.5,3.0,70,2.063,2.74,4.343
146.4,8.0,31,2.832,15.67,6.045
89.9,5.0,19,1.895,3.68,3.683
68.7,3.0,86,3.142,6.53,2.318
109.5,4.0,86,3.903,6.53,4.377
74.9,4.0,44,2.176,11.22,3.274
72.4,2.0,26,2.121,15.46,2.415
52.3,3.0,14,3.192,7.41,2.741
54.3,2.0,56,1.875,2.61,2.184
55.5,4.0,54,1.373,8.04,1.802
178.0,8.0,55,3.187,23.54,5.68
55.4,2.0,69,2.59,36.51,1.328
74.4,4.0,42,2.565,8.43,3.792
101.0,4.0,61,3.437,0.33,4.505
128.3,6.0,58,3.66,1.14,5.3
132.7,7.0,71,2.528,2.35,5.594
80.8,3.0,66,1.64,9.15,2.659
107.8,4.0,3,2.039,4.29,4.583
100.0,4.0,55,3.537,14.87,4.26
105.8,5.0,87,2.89,16.76,3.312
110.4,5.0,50,2.123,13.29,4.319
120.2,6.0,47,1.91,1.24,4.799
86.7,4.0,54,3.59,6.56,4.298
153.6,6.0,50,2.46,11.41,5.459
187.1,7.0,36,3.814,2.52,8.197
93.3,6.0,89,4.038,4.94,3.856
209.5,9.0,6,2.361,2.74,8.498
88.3,4.0,73,4.168,0.8,4.375
108.5,5.0,14,2.893,6.39,4.742
100.3,4.0,18,3.066,3.61,5.017
107.1,4.0,54,1.015,4.68,3.371
147.7,8.0,57,1.756,0.64,5.58
98.5,5.0,83,1.799,3.13,3.714
71.4,3.0,26,2.355,8.57,2.792
86.2,3.0,2,2.862,16.12,2.889
98.5,4.0,22,2.915,10.73,4.053
111.6,5.0,48,3.091,8.81,4.675
81.0,5.0,32,1.997,2.83,3.792
83.8,4.0,22,3.71,1.02,4.227
113.0,4.0,82,6.136,3.6,5.756
114.3,5.0,50,2.319,1.61,4.734
140.5,7.0,60,2.016,9.08,5.091
85.8,3.0,67,1.997,22.91,2.111
124.1,6.0,36,2.825,12.76,4.557
100.4,5.0,66,2.146,5.16,4.119
89.7,4.0,86,1.248,3.41,2.855
101.5,4.0,65,1.411,6.81,3.448
106.1,4.0,26,4.302,2.36,5.245
69.1,2.0,70,4.839,22.6,2.841
70.7,3.0,21,5.584,27.34,3.685
129.8,6.0,6,3.01,8.06,5.0
92.5,4.0,39,1.74,8.81,2.517
111.9,6.0,45,2.232,15.89,3.74
128.5,6.0,42,1.389,6.88,4.216
101.7,3.0,23,1.366,1.65,2.779
124.9,4.0,24,3.049,12.84,5.343
106.3,4.0,82,3.464,3.19,4.904
107.9,6.0,26,6.562,5.98,6.681
151.9,8.0,70,2.619,9.41,5.751
98.1,6.0,23,1.475,0.48,4.354
130.3,6.0,9,2.573,14.21,4.75
65.3,3.0,5,2.394,31.91,1.745
110.6,4.0,21,2.179,1.85,4.649
165.3,8.0,75,3.173,10.0,6.433
215.2,9.0,40,1.574,19.26,6.942
66.3,3.0,62,2.883,1.28,3.834
92.4,5.0,86,3.644,0.29,4.708
75.5,3.0,4,5.149,1.55,4.472
99.4,5.0,9,3.126,16.34,4.089
137.4,5.0,82,4.347,16.49,5.531
153.8,9.0,51,2.226,28.68,4.721
155.6,7.0,55,2.37,3.55,6.123
64.4,3.0,30,4.985,5.42,3.718
105.3,5.0,74,1.466,4.84,3.867
85.3,4.0,58,2.267,2.59,3.246
97.5,5.0,23,4.517,21.76,4.073
89.1,5.0,58,2.472,13.7,3.096
65.4,2.0,0,2.39,10.66,2.983
154.4,7.0,21,2.412,5.6,6.679
81.2,4.0,18,2.865,4.22,3.48
85.8,4.0,70,4.431,1.77,4.66
165.6,9.0,66,4.12,4.95,7.233
61.9,3.0,8,2.732,40.35,1.157
119.6,5.0,81,4.444,2.39,5.754
143.9,7.0,73,3.17,1.1,6.091
160.9,6.0,39,4.001,0.63,7.188
116.9,5.0,19,1.711,3.51,4.515
131.1,6.0,37,5.944,36.52,5.544
143.9,7.0,53,3.001,1.74,5.913
99.9,5.0,56,0.789,0.34,3.797
77.6,5.0,31,5.736,12.06,4.841
170.1,8.0,9,2.724,1.7,7.303
126.3,5.0,54,2.275,9.82,4.505
105.3,5.0,63,2.07,3.43,4.711
66.5,3.0,24,3.313,1.98,2.899
49.2,2.0,57,1.823,9.84,1.335
118.8,6.0,51,2.097,2.07,5.132
48.3,1.0,45,2.12,3.48,1.827
104.9,5.0,0,2.383,18.87,3.359
82.4,4.0,27,2.156,14.88,2.758
89.0,4.0,33,3.99,0.2,4.526
156.2,7.0,75,3.071,0.27,6.814
82.7,4.0,74,3.244,1.67,4.34
106.6,5.0,78,3.578,21.66,3.828
82.8,3.0,41,2.607,11.57,3.528
115.1,4.0,29,1.717,2.7,3.944
109.8,6.0,44,6.125,4.56,6.347
104.9,5.0,71,4.126,10.21,5.18
144.1,7.0,55,5.617,9.78,7.225
62.0,3.0,54,4.33,1.09,4.389
57.1,4.0,39,2.21,5.44,2.497
70.2,4.0,62,0.945,4.33,2.823
110.0,4.0,78,1.563,8.21,3.529
121.6,6.0,60,3.62,3.69,5.745
40.3,1.0,36,2.597,5.42,2.488
121.1,5.0,75,2.25,19.93,3.472
180.6,7.0,84,0.884,4.97,5.371
93.1,4.0,71,2.702,12.63,4.094
171.6,8.0,78,1.671,10.99,6.06
118.1,5.0,23,1.962,0.42,4.873
164.4,7.0,37,3.985,12.48,6.613
153.4,6.0,22,1.711,11.6,4.574
93.1,6.0,32,1.786,9.5,3.693
137.6,6.0,66,2.955,20.13,4.52
93.1,4.0,60,4.025,16.74,3.857
179.3,8.0,0,2.268,12.67,6.611
95.9,6.0,67,5.261,13.38,3.712
123.6,6.0,17,1.529,0.84,5.169
191.6,7.0,16,1.413,30.67,5.384
125.4,8.0,48,1.36,5.35,4.935
90.0,3.0,21,1.292,33.79,1.464
67.6,3.0,86,3.163,42.97,0.908
62.1,2.0,13,1.751,0.38,2.878
120.9,5.0,13,1.441,0.6,4.883
101.5,5.0,68,3.225,9.29,4.432
70.6,2.0,25,3.938,10.24,3.513
132.5,6.0,64,4.362,15.96,6.092
131.9,7.0,61,4.03,17.42,5.067
100.9,4.0,17,1.798,9.19,3.565
167.0,7.0,52,3.078,2.86,7.449
58.6,3.0,48,3.399,0.44,3.376
91.1,4.0,8,2.195,1.8,4.386
125.2,5.0,68,2.927,12.72,4.685
73.1,2.0,77,1.548,20.49,1.513
137.0,7.0,85,2.049,5.86,5.525
150.8,7.0,7,3.213,2.77,6.797
44.4,1.0,16,5.357,0.3,3.245
169.1,7.0,74,4.564,4.28,7.473
122.6,6.0,27,3.66,13.92,4.754
87.6,3.0,56,2.818,0.33,4.456
63.8,3.0,31,2.628,8.47,3.438
143.3,8.0,19,1.417,1.11,6.41
69.4,3.0,56,1.866,4.48,2.914
122.5,5.0,18,1.894,2.91,4.721
70.3,3.0,12,3.521,1.65,4.019
104.1,5.0,47,4.159,3.4,4.874
141.1,6.0,17,3.787,6.16,7.04
88.0,4.0,17,4.628,0.65,5.513
168.6,8.0,70,2.808,1.79,7.002
126.2,6.0,47,1.747,2.25,5.317
73.2,3.0,48,2.658,0.29,3.37
65.3,4.0,12,1.962,2.45,2.741
79.6,4.0,14,3.655,2.87,3.509
102.5,5.0,35,2.313,3.21,4.411
174.5,8.0,34,2.6,0.02,7.154
186.5,8.0,40,3.714,6.51,7.858
86.9,5.0,12,1.947,7.33,3.599
86.0,4.0,80,4.195,7.89,4.32
133.4,6.0,32,1.482,3.0,5.365
133.0,6.0,73,3.12,6.58,4.917
158.9,7.0,36,2.609,5.87,6.588
160.4,8.0,42,3.944,1.28,7.159
77.8,4.0,10,1.465,3.4,3.409
61.3,3.0,60,1.365,5.26,2.616
126.8,6.0,5,3.81,3.99,6.339
111.9,5.0,67,2.28,4.76,4.476
51.8,1.0,79,2.609,4.66,2.315
54.1,1.0,32,2.02,3.54,2.624
60.9,2.0,79,4.099,11.49,2.379
124.7,5.0,62,3.11,8.01,4.679
99.4,5.0,0,3.029,0.54,4.817
125.7,6.0,18,1.606,3.79,4.447
71.6,3.0,57,3.406,5.01,3.417
128.8,7.0,63,1.739,26.36,3.539
116.6,5.0,8,2.021,6.22,4.634
132.1,6.0,61,1.47,5.02,4.78
88.9,4.0,72,2.533,15.03,3.472
82.7,5.0,8,4.389,5.82,4.874
63.8,3.0,79,3.01,15.08,2.382
93.8,4.0,47,2.228,7.54,3.539
148.5,6.0,55,2.855,4.75,5.937
163.0,7.0,4,2.848,29.9,5.19
69.6,4.0,55,2.8,8.95,3.952
102.4,3.0,40,2.944,8.73,3.564
175.4,9.0,33,1.702,0.54,6.62
184.2,9.0,70,2.852,0.7,7.191
92.5,4.0,22,1.234,35.37,1.695
153.1,6.0,5,3.522,4.3,6.702
143.8,8.0,44,1.655,1.07,5.579
139.7,7.0,66,4.618,1.6,7.062
58.2,3.0,12,0.905,0.72,2.551
85.2,4.0,88,5.775,19.84,4.419
98.7,4.0,60,1.3,4.44,3.942
97.8,5.0,84,1.584,1.09,3.099
102.1,4.0,42,3.11,2.4,4.869
191.7,9.0,11,3.591,3.58,7.735
93.6,6.0,15,2.393,9.92,4.036
118.5,5.0,45,4.062,8.15,5.288
117.1,5.0,52,1.899,16.01,3.787
102.5,4.0,66,2.271,1.05,3.829
71.0,3.0,71,2.373,13.26,2.839
107.1,4.0,68,2.133,5.84,3.58
51.5,3.0,52,1.138,2.87,2.3
122.6,4.0,1,2.688,2.05,4.738
49.0,3.0,47,2.581,0.34,2.776
118.8,5.0,73,4.416,4.42,6.224
83.7,4.0,76,1.524,2.1,4.073
74.1,3.0,75,2.039,4.29,2.378
134.1,7.0,0,4.672,0.27,6.703
90.0,4.0,39,3.102,7.78,3.769
105.3,6.0,55,3.481,1.92,5.898
58.8,3.0,22,3.334,1.55,3.42
167.3,9.0,36,3.34,4.44,7.569
108.7,5.0,8,6.169,29.12,4.964
108.6,5.0,17,2.833,0.81,4.598
154.8,8.0,0,1.724,5.76,5.384
123.5,6.0,88,3.624,2.13,5.36
42.8,2.0,77,2.107,0.13,2.968
173.5,8.0,36,2.587,4.27,7.019
92.4,4.0,0,3.211,3.36,4.865
169.7,9.0,30,1.878,3.87,6.167
91.4,5.0,39,2.161,48.89,1.11
84.5,3.0,15,3.367,2.59,4.467
120.6,5.0,59,2.124,1.19,4.483
206.1,9.0,89,4.212,5.33,8.46
153.1,8.0,75,1.744,0.53,5.698
125.2,5.0,77,1.741,21.41,3.835
119.9,6.0,74,6.409,16.76,6.039
106.8,5.0,6,1.365,4.65,4.355
166.9,7.0,49,2.686,6.5,6.774
135.3,7.0,50,6.254,3.61,7.217
63.3,2.0,9,2.684,5.2,3.35
74.3,5.0,13,4.983,7.11,4.386
126.7,6.0,50,3.646,12.87,5.407
70.1,2.0,64,2.709,4.93,2.321
108.5,6.0,18,2.563,1.75,4.691
139.3,7.0,43,1.047,0.83,6.079
120.9,5.0,6,2.355,2.53,5.323
66.6,2.0,9,3.018,20.63,2.536
75.7,2.0,52,3.017,10.85,2.72
122.2,7.0,50,8.245,26.68,6.032
197.4,8.0,67,3.085,10.46,7.282
100.8,4.0,81,3.609,26.53,3.189
141.0,7.0,17,4.592,8.1,7.252
121.2,4.0,30,3.467,6.62,5.517
83.4,3.0,77,2.615,68.1,0.2
141.6,7.0,4,2.621,8.08,5.788
58.3,3.0,74,2.321,13.66,2.302
137.9,6.0,85,3.32,1.0,5.489
123.8,6.0,8,2.518,5.98,4.504
86.0,4.0,12,3.601,2.19,4.762
72.1,3.0,61,1.726,3.16,2.892
88.6,3.0,42,2.904,4.66,3.418
81.3,3.0,88,5.465,4.65,3.894
95.3,4.0,49,2.457,11.86,3.85
91.7,4.0,58,6.23,15.69,4.678
86.0,5.0,21,2.926,3.77,4.327
57.5,3.0,29,2.65,1.86,2.958
68.8,2.0,15,2.865,16.82,2.511
149.5,6.0,13,2.363,6.2,5.637
86.9,4.0,10,1.115,32.9,1.547
95.9,6.0,80,4.039,15.63,4.359
90.0,3.0,6,7.292,3.84,5.991
168.3,8.0,46,3.374,20.25,6.011
80.6,4.0,45,3.468,16.33,3.513
78.7,4.0,5,2.504,1.94,4.068
124.8,5.0,75,4.577,0.59,5.669
111.4,6.0,45,2.671,5.38,4.751
126.0,6.0,11,3.066,15.04,4.749
123.2,6.0,11,1.344,4.75,4.697
142.9,7.0,63,2.142,4.6,6.064
66.0,4.0,55,3.207,1.93,3.694
120.6,7.0,37,4.089,0.23,6.895
78.9,5.0,36,4.14,2.78,4.596
52.3,4.0,3,1.336,29.95,0.781
122.9,6.0,2,1.398,1.99,4.902
120.5,5.0,48,3.536,2.72,5.5
103.8,5.0,32,1.942,11.75,3.869
143.8,7.0,22,4.066,7.18,6.116
79.1,5.0,34,1.305,2.47,3.195
129.8,5.0,54,2.601,11.6,4.5
98.8,5.0,26,2.677,9.43,4.459
101.4,4.0,31,3.374,2.28,4.105
54.5,3.0,25,1.709,13.73,1.896
144.3,6.0,59,1.122,3.34,4.585
118.9,6.0,4,2.936,11.87,5.03
128.1,5.0,82,3.445,1.44,5.44
75.6,4.0,49,4.277,3.86,3.608
114.2,5.0,22,2.313,29.36,3.546
98.7,5.0,68,3.854,12.87,3.371
121.0,7.0,84,3.382,2.7,5.483
112.4,5.0,5,4.929,2.59,6.256
180.2,8.0,18,2.651,11.83,7.258
159.5,7.0,12,1.248,5.69,5.232
95.0,4.0,6,2.637,0.16,4.301
122.9,7.0,66,2.829,2.61,5.758
92.3,4.0,17,3.432,2.62,4.972
142.4,6.0,34,1.364,2.31,5.78
100.1,6.0,73,2.362,20.44,4.165
88.1,4.0,55,4.017,13.07,3.75
113.6,4.0,60,2.594,0.62,4.909
155.0,7.0,8,2.369,8.06,5.92
146.3,6.0,87,6.41,19.51,5.783
89.8,3.0,7,1.68,2.82,3.582
174.3,8.0,63,4.735,7.69,6.908
77.0,3.0,57,4.304,42.54,1.645
84.6,5.0,37,2.456,15.54,2.65
140.3,7.0,75,2.678,0.66,6.068
52.4,3.0,80,2.674,2.88,2.369
105.4,4.0,6,2.95,26.99,2.7
94.8,5.0,86,2.08,14.08,3.495
178.0,9.0,21,2.242,0.84,7.084
72.5,4.0,71,2.317,1.9,3.149
75.1,4.0,73,2.35,9.25,2.602
187.0,8.0,50,2.364,2.64,7.678
95.2,5.0,77,0.992,19.06,2.545
152.8,8.0,74,2.84,4.08,6.068
90.1,4.0,47,2.144,21.61,1.995
83.5,3.0,16,1.173,1.51,4.117
155.6,7.0,39,2.322,15.75,6.143
203.8,9.0,81,2.29,7.93,7.93
159.8,7.0,18,4.825,4.31,7.229
88.3,4.0,89,2.133,3.02,3.375
103.8,5.0,16,3.671,18.38,4.34
76.2,4.0,59,5.065,19.87,3.304
80.3,4.0,57,2.049,8.8,2.71
79.0,3.0,17,2.661,9.86,3.779
90.9,4.0,42,5.917,16.1,4.715
109.4,5.0,12,3.013,6.57,4.403
48.0,2.0,32,3.216,3.31,3.134
105.2,6.0,86,2.263,5.15,4.042
133.2,7.0,4,3.703,1.34,5.715
111.3,6.0,78,2.67,21.74,3.247
128.8,6.0,60,1.192,10.83,4.051
135.9,5.0,67,2.317,4.47,5.259
88.8,4.0,25,1.596,8.22,3.328
99.4,4.0,85,2.859,1.66,4.74
280.6,9.0,22,1.799,0.69,10.096
86.4,3.0,45,3.371,6.39,3.742
131.4,6.0,3,2.774,5.96,5.976
67.5,2.0,79,1.55,0.74,2.944
137.2,6.0,63,2.178,1.15,5.421
81.8,4.0,14,3.594,2.21,4.464
106.5,6.0,59,4.557,14.23,4.709
63.9,3.0,16,1.811,1.58,2.527
102.9,5.0,39,1.659,5.43,4.721
103.6,4.0,46,6.54,11.85,5.447
98.2,5.0,83,2.706,11.65,3.836
121.4,6.0,29,2.833,3.62,4.773
150.8,7.0,1,1.949,3.72,6.272
75.0,3.0,38,2.995,0.81,3.335
99.0,4.0,83,5.881,74.88,1.859
65.3,4.0,71,3.048,6.8,3.749
56.0,2.0,5,4.39,13.96,3.236
110.8,4.0,4,2.754,0.98,5.009
73.1,4.0,68,1.713,36.05,0.945
104.9,4.0,64,1.999,0.47,4.226
112.3,4.0,50,1.644,1.31,4.454
59.0,4.0,7,2.998,3.18,3.411
118.1,5.0,25,4.715,0.14,6.5
148.2,7.0,76,2.923,0.97,5.918
127.2,5.0,12,2.367,4.91,5.674
75.6,3.0,18,1.905,2.3,3.127
102.7,4.0,40,3.19,7.85,4.103
106.5,5.0,66,1.557,13.63,3.541
99.6,5.0,74,1.632,0.71,4.134
66.4,4.0,53,4.076,3.55,3.273
79.4,3.0,44,2.399,8.33,2.978
96.7,6.0,34,2.378,8.13,3.307
111.8,4.0,3,2.519,13.99,3.88
86.2,3.0,24,3.768,0.72,4.281
44.9,3.0,19,2.928,12.05,2.331
54.1,3.0,5,1.946,8.93,2.027
87.9,4.0,67,1.977,13.43,2.741
180.1,8.0,31,2.49,7.75,7.35
118.4,6.0,45,3.114,4.25,5.96
110.7,5.0,18,2.675,1.47,4.643
79.0,3.0,53,2.57,17.3,2.995
89.3,5.0,12,2.775,2.18,4.484
52.9,3.0,60,2.674,5.61,1.966
77.3,5.0,66,1.913,4.66,2.96
116.3,7.0,28,4.474,21.66,3.872
111.0,5.0,19,2.188,26.18,3.381
83.5,3.0,70,2.881,1.09,3.44
99.6,6.0,20,1.076,1.53,4.067
105.3,4.0,16,2.467,9.45,5.017
85.0,4.0,30,1.657,3.68,3.992
120.7,5.0,86,1.75,1.37,4.314
110.3,5.0,41,8.085,3.28,6.834
90.3,5.0,23,3.041,2.61,4.883
67.8,3.0,46,4.72,9.18,3.431
88.2,4.0,31,3.994,9.99,4.547
86.3,3.0,59,4.231,17.8,4.505
83.5,4.0,39,2.485,3.9,3.949
59.7,2.0,52,5.601,5.99,4.399
162.2,7.0,39,3.979,10.45,7.087
159.3,7.0,43,2.769,7.71,6.037
98.4,6.0,40,3.06,3.06,4.807
111.6,5.0,35,2.556,14.11,3.778
120.0,4.0,86,2.783,6.16,5.07
98.9,5.0,23,2.665,8.63,3.778
114.3,6.0,72,3.227,1.1,5.492
125.8,6.0,63,5.948,16.01,6.353
108.9,5.0,47,1.58,0.3,4.201
133.3,5.0,28,4.545,6.59,5.886
82.6,5.0,43,2.303,6.84,3.471
102.6,5.0,76,4.813,6.18,4.858
241.0,9.0,16,2.34,13.39,8.55
144.0,7.0,52,3.273,11.04,5.442
109.8,6.0,68,2.531,6.15,4.216
75.1,4.0,57,1.248,2.71,3.094
104.4,4.0,12,5.945,1.06,6.391
140.6,6.0,45,1.778,0.61,5.42
130.6,5.0,16,2.823,5.82,4.798
55.4,4.0,83,1.693,0.6,2.946
60.4,3.0,31,1.489,16.1,1.595
61.2,2.0,37,2.479,4.6,3.49
120.6,6.0,77,2.081,11.5,4.231
61.5,3.0,38,1.606,29.53,1.052
74.0,3.0,17,2.675,8.31,3.067
97.7,4.0,80,1.395,3.88,3.573
148.8,6.0,58,2.876,2.41,7.318
122.6,6.0,54,2.567,10.28,4.598
93.9,4.0,6,0.89,11.03,3.458
134.6,6.0,40,2.148,1.95,5.481
199.3,9.0,41,3.356,0.73,8.774
104.7,5.0,23,1.684,9.44,3.164
66.6,3.0,50,3.422,2.84,4.207
74.8,3.0,22,3.303,5.1,3.816
74.6,4.0,42,1.719,9.43,2.665
80.0,5.0,72,2.703,9.97,3.646
91.7,3.0,66,3.94,15.72,3.728
112.9,5.0,25,1.832,30.39,2.487
63.4,3.0,18,2.478,8.32,1.958
67.0,4.0,0,4.561,3.17,4.992
125.4,7.0,31,1.848,36.93,3.015
86.4,3.0,1,3.342,1.47,4.149
77.1,4.0,11,1.673,0.13,3.308
95.1,4.0,88,2.528,8.28,4.136
157.9,8.0,77,3.324,5.72,6.37
131.3,7.0,50,0.921,8.93,4.683
128.2,5.0,69,2.137,7.16,4.585
177.5,8.0,44,3.298,0.41,7.13
114.7,6.0,54,3.009,4.17,5.365
183.5,8.0,82,2.149,17.38,6.448
189.0,8.0,7,1.654,2.68,6.947
64.0,2.0,31,3.607,18.12,2.559
58.6,3.0,10,2.351,6.92,2.756
73.1,3.0,71,3.474,3.48,3.778
152.3,6.0,74,3.226,4.71,6.851
95.8,4.0,64,2.223,2.52,3.833
91.9,4.0,54,4.405,8.43,4.381
135.9,6.0,42,2.08,3.54,5.292
85.0,4.0,2,4.645,15.28,3.865
109.7,4.0,69,4.926,1.23,5.036
125.4,7.0,80,4.36,9.37,5.728
75.2,3.0,86,2.506,4.86,3.292
69.7,2.0,30,8.552,4.54,5.789
104.5,3.0,18,2.911,12.35,3.97
109.0,6.0,58,3.03,1.22,4.732
132.2,6.0,1,2.691,9.43,5.417
72.5,3.0,5,1.635,13.62,2.492
80.8,4.0,73,4.868,7.22,4.535
188.3,9.0,86,2.101,1.85,7.332
142.9,7.0,36,4.112,8.04,6.488
98.7,4.0,45,4.58,11.54,5.093
150.9,7.0,48,3.566,0.87,6.929
72.6,4.0,12,1.991,1.78,3.566
95.0,5.0,20,2.332,8.85,3.278
38.7,2.0,26,0.815,8.21,1.54
108.7,6.0,75,2.579,9.3,4.178
91.4,4.0,39,3.901,0.32,4.83
92.5,4.0,64,2.443,1.74,3.547
129.9,8.0,17,2.084,19.48,5.291
143.6,8.0,85,2.377,2.79,4.964
88.2,5.0,79,4.697,3.87,5.333
65.1,2.0,42,2.653,8.01,2.887
61.0,4.0,20,6.272,10.1,3.779
51.4,2.0,87,2.103,14.01,2.251
176.4,8.0,72,2.997,9.96,6.895
130.1,4.0,45,2.237,7.79,3.917
120.3,6.0,24,6.914,3.85,6.964
84.5,3.0,55,2.947,20.04,2.986
84.3,4.0,33,7.083,2.51,6.515
145.3,6.0,60,2.25,24.72,4.224
58.7,4.0,74,5.405,3.63,3.234
89.5,4.0,44,2.867,13.94,3.953
152.7,9.0,4,3.961,19.49,6.432
89.4,3.0,50,1.57,1.92,2.653
127.8,7.0,77,3.18,0.83,5.867
100.1,3.0,20,1.68,14.63,3.317
41.5,2.0,86,3.052,6.26,2.027
98.7,4.0,32,1.373,6.97,3.222
105.2,4.0,61,2.606,4.29,4.094
96.1,4.0,63,4.451,2.8,4.833
68.7,2.0,16,3.478,1.85,3.815
96.5,4.0,3,1.56,3.17,4.15
52.3,2.0,85,1.157,16.97,0.221
89.1,4.0,63,3.399,4.03,4.279
131.4,7.0,56,5.537,12.26,6.484
172.8,8.0,27,1.762,14.53,6.015
162.1,8.0,9,6.985,1.04,8.727
72.0,2.0,24,2.71,11.96,3.301
61.8,3.0,49,1.126,0.04,2.993
108.7,5.0,62,1.347,2.71,3.927
102.9,5.0,28,3.844,3.78,5.049
124.5,5.0,19,2.881,5.81,5.478
82.2,4.0,22,5.296,7.09,5.264
104.0,4.0,86,1.585,1.29,3.605
102.1,4.0,56,2.867,0.22,4.229
90.1,4.0,89,2.727,2.56,3.997
57.4,3.0,0,2.549,3.92,2.602
130.7,6.0,41,2.288,3.79,4.598
108.9,5.0,41,2.309,23.87,3.023
133.9,5.0,36,2.941,7.51,5.491
145.2,6.0,35,3.115,0.69,6.84
99.1,5.0,7,3.045,3.7,4.445
131.0,6.0,2,4.677,4.69,6.421
174.3,9.0,70,1.583,12.48,6.047
195.1,9.0,39,1.203,6.71,6.689
113.4,5.0,14,4.296,1.08,5.561
116.5,4.0,31,1.778,16.34,3.787
112.8,4.0,83,2.292,5.0,3.843
123.0,5.0,42,2.064,5.55,4.448
142.9,6.0,89,2.044,20.48,4.273
112.0,6.0,14,1.41,0.57,4.736
190.8,9.0,11,2.104,3.89,6.943
180.5,9.0,50,3.641,1.71,7.784
105.1,4.0,61,2.713,0.45,4.131
104.9,6.0,88,3.411,5.12,4.503
87.9,5.0,41,2.174,27.54,2.675
125.3,6.0,18,4.081,6.01,5.857
92.8,5.0,48,2.162,23.25,3.354
86.5,5.0,27,1.052,3.79,3.309
124.3,6.0,16,3.135,8.68,5.614
70.7,3.0,7,3.839,3.46,4.251
143.8,6.0,65,2.113,20.12,4.514
126.1,4.0,57,4.663,11.94,4.956
176.9,8.0,14,1.854,7.93,6.533
114.1,5.0,50,3.676,9.3,4.734
132.9,5.0,79,5.96,0.94,6.697
45.9,2.0,73,2.764,2.65,2.465
139.0,5.0,40,2.455,0.77,5.162
157.4,8.0,5,2.592,4.21,6.27
109.8,5.0,57,5.656,5.11,5.55
87.7,4.0,46,3.258,20.01,3.103
115.1,5.0,82,7.134,4.02,6.424
143.8,6.0,49,3.082,3.81,5.75
150.6,7.0,66,2.025,1.18,5.982
57.6,3.0,47,2.091,3.1,2.499
256.2,9.0,48,2.795,5.83,9.484
86.7,4.0,28,1.085,5.32,2.748
133.7,6.0,36,2.195,5.61,4.949
163.9,6.0,26,2.217,1.24,7.17
101.8,5.0,41,3.028,2.55,4.456
152.8,7.0,85,6.513,15.13,6.369
57.5,2.0,30,2.786,3.02,3.036
50.9,3.0,41,1.144,0.21,1.978
154.8,8.0,85,1.802,17.22,5.127
147.9,8.0,13,3.059,2.62,6.534
120.0,5.0,22,2.834,6.97,5.163
143.9,6.0,44,5.646,5.97,7.01
182.3,7.0,36,4.187,17.93,6.895
165.8,7.0,30,4.131,36.62,5.757
103.8,6.0,70,2.465,4.42,3.623
114.7,5.0,44,4.458,10.97,4.748
97.8,4.0,32,1.816,8.28,3.319
93.6,4.0,43,4.203,10.32,3.795
138.7,6.0,79,2.394,3.03,5.294
97.5,4.0,88,1.417,44.29,0.83
138.6,5.0,21,3.55,1.82,6.505
101.8,5.0,3,5.098,8.99,5.365
106.9,5.0,2,2.264,2.36,4.601
78.9,5.0,40,5.492,2.88,4.973
137.3,5.0,56,1.29,8.56,4.195
56.4,4.0,4,1.586,0.39,3.158
156.9,8.0,45,2.545,25.01,5.556
218.7,9.0,35,2.301,15.77,7.165
108.1,5.0,83,2.013,11.68,4.285
106.5,4.0,54,2.887,0.37,4.501
62.1,2.0,38,2.143,5.61,2.317
88.5,4.0,52,2.313,2.14,4.005
144.5,7.0,12,3.081,5.15,6.401
151.9,6.0,42,2.013,3.07,5.806
112.9,7.0,29,2.592,15.81,4.206
141.4,6.0,16,2.033,15.93,5.269
79.4,4.0,35,1.58,9.57,2.641
121.9,5.0,57,3.833,3.54,5.517
171.6,8.0,52,5.862,8.94,8.594
130.2,6.0,86,4.389,7.41,5.343
181.3,8.0,24,3.156,2.54,7.409
183.4,8.0,62,2.037,2.12,7.361
124.7,6.0,49,2.389,7.36,5.082
35.6,2.0,78,4.374,2.47,3.129
150.7,7.0,81,0.974,6.2,4.642
68.5,3.0,63,2.308,25.94,1.757
42.8,2.0,38,3.782,9.1,2.428
53.9,2.0,48,1.629,5.12,2.887
154.6,8.0,58,3.289,21.23,5.856
125.0,6.0,72,3.221,13.28,4.827
113.9,5.0,20,1.413,0.51,4.643
129.2,6.0,78,2.827,0.09,5.57
55.0,2.0,72,2.059,28.07,1.088
97.7,4.0,7,3.278,4.84,4.267
83.9,4.0,24,3.674,13.55,4.218
110.9,5.0,21,3.253,0.73,4.798
112.2,6.0,52,2.809,2.07,5.091
127.3,6.0,18,3.096,1.46,5.483
134.1,7.0,27,1.601,5.09,5.184
55.8,2.0,17,2.681,1.32,3.32
98.1,5.0,6,1.899,2.37,3.633
105.7,3.0,41,4.324,12.7,4.492
67.8,4.0,28,3.697,24.3,2.105
65.5,2.0,45,3.692,4.87,3.298
54.0,2.0,19,5.877,4.32,3.665
62.6,3.0,25,2.343,7.44,2.803
141.1,6.0,80,2.123,10.05,4.837
58.7,2.0,72,2.318,3.02,2.838
61.9,2.0,23,1.322,2.93,2.853
109.3,5.0,14,1.369,12.0,3.722
121.7,5.0,87,3.595,4.89,5.541
104.6,5.0,61,1.451,8.89,4.097
72.2,3.0,44,1.676,10.18,2.169
66.0,4.0,62,2.597,0.94,3.827
108.2,6.0,19,2.258,15.48,3.965
100.6,3.0,38,4.049,21.6,3.41
91.9,5.0,35,2.793,3.79,4.351
138.9,6.0,64,1.898,8.76,4.934
98.3,5.0,16,4.209,10.28,4.271
64.1,2.0,44,3.773,11.83,2.591
92.1,4.0,75,1.441,0.92,4.108
126.6,8.0,17,3.045,4.86,5.865
96.3,4.0,10,1.97,17.52,3.683
125.8,5.0,73,1.947,10.37,4.189
134.6,6.0,78,6.305,0.21,6.989
98.5,3.0,38,2.875,0.11,3.86
104.4,6.0,4,2.465,6.31,4.905
94.2,5.0,48,2.824,5.56,4.316
126.8,5.0,26,4.029,1.4,5.885
93.2,4.0,52,1.982,4.02,3.442
122.4,6.0,12,2.141,3.21,5.508
112.9,6.0,72,3.653,4.33,5.141
53.8,2.0,61,1.374,1.99,2.051
124.7,6.0,58,4.245,6.71,5.527
109.3,5.0,46,1.32,13.48,3.337
159.2,7.0,19,2.434,0.88,6.776
68.9,3.0,84,1.324,3.06,2.006
113.5,6.0,23,1.69,20.59,3.587
88.7,3.0,32,4.874,4.52,5.151
55.7,2.0,83,4.349,3.09,3.322
50.5,3.0,3,4.564,14.88,3.394
171.0,8.0,11,1.416,0.84,7.103
113.7,5.0,68,1.694,5.58,4.481
97.3,5.0,33,3.168,17.96,3.548
60.5,3.0,52,3.751,3.73,3.419
167.2,8.0,52,1.897,2.74,6.579
81.0,3.0,74,2.095,3.09,3.086
115.5,5.0,55,1.634,3.01,4.224
107.8,5.0,38,5.733,2.41,5.92
196.0,8.0,49,2.195,24.96,7.025
103.5,6.0,66,2.757,2.47,4.559
86.9,5.0,34,2.823,5.34,4.394
114.3,5.0,15,4.471,11.61,4.978
118.6,6.0,43,1.771,2.36,5.356
247.1,9.0,89,4.598,11.42,9.387
102.9,6.0,10,1.529,18.74,3.35
68.1,4.0,15,4.593,4.83,3.599
91.9,3.0,89,1.256,8.96,3.18
114.2,5.0,74,2.593,9.17,4.812
121.4,6.0,10,5.649,5.64,6.11
58.7,2.0,19,3.72,1.92,3.896
88.2,5.0,62,3.286,30.04,2.206
191.6,9.0,70,1.696,2.47,7.384
75.7,3.0,66,1.953,6.92,2.728
140.0,6.0,77,4.978,9.78,6.735
93.0,4.0,45,3.362,4.48,4.42
105.0,5.0,78,4.058,7.55,5.137
61.1,3.0,53,2.81,6.91,3.263
96.0,5.0,42,2.395,3.37,4.087
113.7,5.0,57,3.838,2.76,5.334
103.4,3.0,38,3.055,0.81,4.246
98.1,3.0,54,2.518,13.23,3.321
127.0,5.0,75,1.439,30.33,3.611
